datasetTitle,altTitle,tijdstipColName,tijdstipVarLabel,tijdstipDescription
"Maandbedragen van personen die van hun werkgever ontslagvergoeding, transitievergoeding of een aanvulling op uitkeringen ontvangen",AANVULVERGOEDPERSOONMNDBEDRAGBUS,EINDMNDBEDRAGAANVULVERGOED,Einde geldigheidsperiode attributen,Datum (JJJJMMDD) tot welke de waarde van de variabelen geldig zijn
"Maandbedragen van personen die van hun werkgever ontslagvergoeding, transitievergoeding of een aanvulling op uitkeringen ontvangen",AANVULVERGOEDPERSOONMNDBEDRAGBUS,AANVMNDBEDRAGAANVULVERGOED,Aanvang geldigheidsperiode attributen,Datum (JJJJMMDD) vanaf welke de waarde van de variabelen geldig zijn
Kenmerken van adoptiekinderen,ADOPTIEKINDEREN,ADOJrV,Jaar van adoptie/vestiging,Als het jaar leeg is dan betreft het een binnenlandse adoptie.
Kenmerken van adoptiekinderen,ADOPTIEKINDEREN,ADODatumV,Datum van adoptie/vestiging,Als deze datum leeg is dan betreft het een binnenlandse adoptie.
"Adult Education Survey- Onderzoek onder volwassenen naar het volgen van opleidingen - lange, korte opleidingen en informeel leren",AES,HATYEAR,Year when the respondent s highest level of education or training was successfully completed,Dit betreft een speciale afgeleide variabele uit een Engelstalig onderzoek voor Eurostat. Het betreft hier het jaar waarin de hoogstbehaalde opleiding van de respondent is afgerond.
"Adult Education Survey- Onderzoek onder volwassenen naar het volgen van opleidingen - lange, korte opleidingen en informeel leren",AES,JOBTIME,The year in which the respondent started working in his/her current main job,Dit betreft een speciale afgeleide variabele uit een Engelstalig onderzoek voor Eurostat. Deze variabele beschrijft wanneer de respondent is begonnen in zijn huidige baan.
Maandbedragen van personen met een Algemene Nabestaandenwet (ANW)-uitkering,ANWMNDBEDRAGBUS,AANVANWMNDBEDRAG,Aanvang ANW-uitkering,"Dit veld geeft samen met het veld EINDANWMNDBEDRAG, de geldigheidsduur weer van attributen van de ANW uitkering"
Maandbedragen van personen met een Algemene Nabestaandenwet (ANW)-uitkering,ANWMNDBEDRAGBUS,EINDANWMNDBEDRAG,Einde ANW-uitkering,"Dit veld geeft samen met het veld AANVANWMNDBEDRAG, de geldigheidsduur weer van attributen van de ANW uitkering"
Maandbedragen van personen met een ANW-uitkering,ANWPERSOONMNDBEDRAGBUS,AANVMNDBEDRAGANW,Aanvang geldigheidsperiode attributen,Datum (JJJJMMDD) vanaf welke de waarde van de variabelen geldig zijn
Maandbedragen van personen met een ANW-uitkering,ANWPERSOONMNDBEDRAGBUS,EINDMNDBEDRAGANW,Einde geldigheidsperiode attributen,Datum (JJJJMMDD) tot welke de waarde van de variabelen geldig zijn
Kenmerken van Anw-uitkeringen,ANWUITKERING1ATAB,Anwgeboortedatumhwa,Geboortedatum halfwees,Formaat van deze variabele is JJJJMMDD
Kenmerken van Anw-uitkeringen,ANWUITKERING1ATAB,Anwingangsdatuma,Ingangsdatum uitkering,Ingangsdatum uitkering heeft het formaat JJJJMMDD
Kenmerken van uitkeringen voor arbeidsongeschiktheid,AOTOTUITKERINGATAB,AOTotDatumAanvangV2,De datum van aanvang van de uitkeringsverhouding.,Formaat: JJJJMMDD.
Kenmerken van uitkeringen voor arbeidsongeschiktheid,AOTOTUITKERINGATAB,AOTotDatumEindeV2,De datum van het einde van de uitkeringsverhouding.,Formaat: JJJJMMDD.
Kenmerken van uitkeringen voor arbeidsongeschiktheid,AOTOTUITKERINGATAB,AOTotGeboortedatumV2,Geboortedatum uitkeringsgerechtigde.,Deze variabele heeft als formaat geboortejaar en geboortemaand JJJJMM.
Kenmerken van uitkeringen voor arbeidsongeschiktheid,AOTOTUITKERINGATAB,AOTotHeropdatumV2,De datum waarop de uitkering eventueel is heropend.,Formaat: JJJJMMDD
Kenmerken van arbeidsongeschiktheidsuitkeringen,AOTOTUITKERINGTAB,AOTotDatumEindeV1,De datum van het einde van de uitkeringsverhouding.,Formaat: JJJJMMDD.
Kenmerken van arbeidsongeschiktheidsuitkeringen,AOTOTUITKERINGTAB,AOTotDatumAanvangV1,De datum van aanvang van de uitkeringsverhouding.,Formaat: JJJJMMDD.
Kenmerken van arbeidsongeschiktheidsuitkeringen,AOTOTUITKERINGTAB,AOTotGeboortedatumV1,Geboortedatum uitkeringsgerechtigde.,Deze variabele heeft als formaat geboortejaar en geboortemaand JJJJMM.
Kenmerken van arbeidsongeschiktheidsuitkeringen,AOTOTUITKERINGTAB,AOTotHeropdatumV1,De datum waarop de uitkering eventueel is heropend.,Formaat: JJJJMMDD
Maandbedragen van personen met een Algemene Ouderdomswet (AOW)-uitkering,AOWMNDBEDRAGBUS,AANVAOWMNDBEDRAG,Aanvang AOW-uitkering,Dit veld geeft samen met het veld EINDAOWMNDBEDRAG de geldigheidsduur weer van attributen van de AOW-uitkering
Maandbedragen van personen met een Algemene Ouderdomswet (AOW)-uitkering,AOWMNDBEDRAGBUS,EINDAOWMNDBEDRAG,Einde AOW-uitkering,Dit veld geeft samen met het veld AANVAOWMNDBEDRAG de geldigheidsduur weer van attributen van de AOW-uitkering
Kenmerken van uitkeringsperiodes van personen met een AOW-uitkering,AOWPERSOONBUS,EINDAOWPERSOON,Datum tot welke de waarden van de variabelen geldig zijn,"Deze variabele wordt bij het samenstellen van de component vastgesteld op basis van verslagperiode, en begin en einde van de uitkering."
Kenmerken van AOW-uitkeringen,AOWUITKERING1ATAB,AOWGeboortemaandpartnerA,Geboortemaand partner uitkeringsgerechtigde,"Voor de verslagjaren 2006-2013 geldt het volgende: de waarde van de geboortemaand wordt alleen uit de registratie van de Sociale Verzekeringsbank (SVB) overgenomen, indien de uitkeringsgerechtigde in het buitenland woont. Aan de overige uitkeringsgerechtigden die woonachtig zijn in Nederland, wordt aan de geboortemaand de waarde '99' (= niet van toepassing) toegekend.

Vanaf 2014 wordt als bron voor deze variabele de Basisregistratie Personen (BRP) gebruikt en zijn alle uitkomstem voor deze variabele onbekend gemaakt."
Kenmerken van AOW-uitkeringen,AOWUITKERING1ATAB,AOWGeboortejaarpartnerA,Geboortejaar partner uitkeringsgerechtigde,"Voor de verslagjaren 2006-2013 geldt het volgende: de waarde van het geboortejaar wordt alleen uit de registratie van de Sociale Verzekeringsbank (SVB) overgenomen, indien de uitkeringsgerechtigde in het buitenland woont. Aan de overige uitkeringsgerechtigden die woonachtig zijn in Nederland, wordt aan het geboortejaar de waarde '9999' (= niet van toepassing) toegekend.

Vanaf 2014 wordt als bron voor deze variabele de Basisregistratie Personen (BRP) gebruikt en zijn alle uitkomstem voor deze variabele onbekend gemaakt."
Kenmerken van AOW-uitkeringen,AOWUITKERING1ATAB,AOWIngangsdatumA,Ingangsdatum van de AOW-uitkering,"De datum waarop de persoon die verzekerd is geweest, de AOW-leeftijd heeft bereikt. 

Het formaat van de variabele is JJJJMMDD."
Kenmerken van AOW-uitkeringen,AOWUITKERING1ATAB,AOWGeboortejaarA,Geboortejaar uitkeringsgerechtigde,"Voor de verslagjaren 2006-2013 geldt het volgende: de waarde van het geboortejaar wordt alleen uit de SVB-registratie overgenomen, indien de uitkeringsgerechtigde in het buitenland woont. Aan de overige uitkeringsgerechtigden die woonachtig zijn in Nederland, wordt aan het geboortejaar de waarde '9999' (=niet van toepassing) toegekend.

Vanaf 2014 wordt als bron voor deze variabele de Basisregistratie Personen (BRP) gebruikt en zijn alle uitkomstem voor deze variabele onbekend gemaakt."
Kenmerken van AOW-uitkeringen,AOWUITKERING1ATAB,AOWGeboortejaarA,Geboortejaar uitkeringsgerechtigde,"Voor de verslagjaren 2006-2013 geldt het volgende: de waarde van het geboortejaar wordt alleen uit de registratie van de Sociale Verzekeringsbank (SVB) overgenomen, indien de uitkeringsgerechtigde in het buitenland woont. Aan de overige uitkeringsgerechtigden die woonachtig zijn in Nederland, wordt aan het geboortejaar de waarde '9999' (=niet van toepassing) toegekend.

Vanaf 2014 wordt als bron voor deze variabele de Basisregistratie Personen (BRP) gebruikt en zijn alle uitkomstem voor deze variabele onbekend gemaakt."
Personen met inkomsten uit arbeid buitenland,ARBBUITLANDBUS,AANVANGDATUMARBBUITLAND,Aanvangsdatum inkomsten uit tegenwoordige arbeid buitenland,"het gegeven is gebaseerd op de inkomstenaangifte. Omdat hierin de aanvangdatum niet wordt gegeven, wordt verondersteld dat men op 1 januari van het jaar waarover aangifte werd gedaan actief was. De aanvangdatum is dus altijd 1 januari. Als een persoon een aantal jaren opeenvolgend actief was wordt de aanvangdatum gelijkgesteld aan 1 januari van het eerste jaar van de reeks. Aangezien aangiftegegevens beschikbaar zijn vanaf 2001, ligt de aanvangdatum nooit vóór 1 januari 2001. 

VB 1. Een persoon heeft in 2001, 2002, 2003 en 2004 aangifte gedaan van inkomsten uit arbeid in het buitenland. De aanvangdatum wordt 1 januari 2001.

VB 1. Een persoon heeft in 1999, 2000, 2001 en 2002 aangifte gedaan van inkomsten uit arbeid in het buitenland. De aanvangdatum wordt 1 januari 2001 omdat over de eerdere verslagjaren geen aangiftegegevens beschikbaar zijn.

VB 2. Een persoon heeft in 2001, 2002, 2004 en 2005 aangifte gedaan van inkomsten uit arbeid in het buitenland. De aanvangdatum van de eerste periode wordt 1 januari 2001, de aanvangdatum van de tweede periode wordt 1 januari 2004."
Kwalitatieve kenmerken van banen van werknemers,BAANKENMERKENBUS,AANVANGBAANID,Aanvang baanid (datumsleutel),"AANVANGBAANID EN EINDEBAANID geven samen de geldigheidsduur weer van attributen van banen binnen het verslagjaar.
Let op deze begin- en einddatums geven dus niet de geldigheidsduur van de gehele baan weer. DATUMAANVANGBAANID en DATUMEINDEBAANID geven samen de geldigheidsduur van de hele baan weer."
Kwalitatieve kenmerken van banen van werknemers,BAANKENMERKENBUS,DATUMEINDEBAANID,Datum einde inkomstenverhouding,"DATUMAANVANGBAANID en DATUMEINDEBAANID geven samen de geldigheidsduur van de hele baan weer. 

Let op: deze begin- en einddatums geven dus de geldigheidsduur van de gehele baan weer dit in tegenstelling tot AANVANGBAANID EN EINDEBAANID, die  periodes afbakenen waarin de kenmerken van de baan (attributen) niet veranderen. Een baan kan bestaan uit meerdere van dergelijke periodes.

In de voorlopige versie van deze component staan alle banen niet aan het eind van het jaar niet zijn afgesloten op lopend ('88888888'). In de definitieve versie worden de banen die het jaar erop niet meer voorkomen afgesloten (op JJJJ1231 gezet)."
Kwalitatieve kenmerken van banen van werknemers,BAANKENMERKENBUS,DATUMAANVANGBAANID,Datum aanvang inkomstenverhouding,"DATUMAANVANGBAANID en DATUMEINDEBAANID geven samen de geldigheidsduur van de hele baan weer. 

Let op: deze begin- en einddatums geven dus de geldigheidsduur van de gehele baan weer dit in tegenstelling tot AANVANGBAANID EN EINDEBAANID, die  periodes afbakenen waarin de kenmerken van de baan (attributen) niet veranderen. Een baan kan bestaan uit meerdere van dergelijke periodes."
Kwalitatieve kenmerken van banen van werknemers,BAANKENMERKENBUS,EINDEBAANID,Einde baanid (datumsleutel),Dit veld geeft samen met het veld AANVANGBAANID de geldigheidsduur weer van attributen van banen binnen het verslagjaar.
Inschrijvingen in het register Beroepen In de Gezondheidszorg (BIG-register),BIGTAB,BIGDATUMUITSCHR,Datum uitschrijving uit BIG-register (JJJJMMDD),"De datum waarop een persoon uit het BIG-register geschrapt is. Deze einddatum geldt voor het medische beroep. Doordat een medisch specialisme nooit langer aangehouden kan worden dan het medische beroep waarbinnen het een specialisatie is, is de datum van uitschrijving ook de laatst mogelijke datum voor de einddatum van het medische specialisme. - De variabele BIGDatumUitschr dient in samenhang met de variabele BIGDatum1eInschr geanalyseerd te worden. Samen vormen zij de periode waarin de persoon gerechtigd is het betreffende medische beroep en het medische specialisme uit te oefenen.- De variabele BIGDatumUitschr is groter of gelijk aan de variabele BIGDatumEindSpec."
Inschrijvingen in het register Beroepen In de Gezondheidszorg (BIG-register),BIGTAB,BIGDATUMEINDSPEC,Datum einde aantekening medisch specialisme (JJJJMMDD),"De datum waarop een persoon een aantekening voor een medisch specialisme laat uitschrijven in het BIG-register. Vanaf de begindatum tot eventuele einddatum is de persoon gerechtigd is om die medische specialisatie, inclusief de door de wet BIG (wet Beroepen in de gezondheidszorg) hieraan verbonden medische handelingen, uit te oefenen en de bijbehorende titel te dragen.
- De variabele BIGDATUMEINDSPEC dient in samenhang met de variabele BIGDATUMBEGINSPEC geanalyseerd te worden. Samen vormen zij de periode waarin de persoon gerechtigd is het betreffende medische specialisme uit te oefenen.
- De variabele BIGDATUMEINDSPEC is of leeg of kleiner of gelijk aan de variabele BIGDATUMUITSCHR."
Inschrijvingen in het register Beroepen In de Gezondheidszorg (BIG-register),BIGTAB,BIGDATUM1EINSCHR,Datum 1e inschrijving in BIG-register (JJJJMMDD),"De datum waarop een persoon zich voor het eerst ingeschreven heeft in het BIG-register. Bij de inschrijving wordt voor de persoon het medisch beroep genoteerd. Vanaf deze datum is de persoon gerechtigd is om dat medische beroep, inclusief de door de wet BIG (wet Beroepen in de gezondheidszorg) hieraan verbonden medische handelingen, uit te oefenen en de bijbehorende titel te dragen, tenzij er een uitschrijving heeft plaatsgevonden. Bij een inschrijving kan ook het eventuele medische specialisme vastgelegd worden. Deze kent een eigen begindatum en eventuele einddatum.
- De variabele BIGDatum1eInschr dient in samenhang met de variabele BIGDatumUitschr geanalyseerd te worden. Samen vormen zij de periode waarin de persoon gerechtigd is het betreffende medische beroep uit te oefenen.
- De variabele BIGDatum1eInschr is kleiner of gelijk aan de variabele BIGDatumBeginSpec"
Inschrijvingen in het register Beroepen In de Gezondheidszorg (BIG-register),BIGTAB,BIGDATUMBEGINSPEC,Datum aanvang aantekening medisch specialisme (JJJJMMDD),"De datum waarop een persoon een aantekening voor een medisch specialisme laat opnemen in diens inschrijving in het BIG-register. Het zich specialiseren binnen een medisch beroep zorgt NIET voor een nieuw record in het BIG-register, maar het record van de betreffende inschrijving wordt aangepast. Het medische specialisme kent zijn eigen begindatum en eventuele einddatum. Vanaf deze begindatum is de persoon gerechtigd is om die medische specialisatie, inclusief de door de wet BIG (wet Beroepen in de gezondheidszorg) hieraan verbonden medische handelingen, uit te oefenen en de bijbehorende titel te dragen, tenzij er een uitschrijving heeft plaatsgevonden of het medisch specialisme beëindigd is.
- De variabele BIGDATUMBEGINSPEC dient in samenhang met de variabele BIGDATUMEINDSPEC geanalyseerd te worden. Samen vormen zij de periode waarin de persoon gerechtigd is het betreffende medische specialisme uit te oefenen.
- De variabele BIGDATUMBEGINSPEC is groter of gelijk aan de variabele BIGDATUM1EINSCHR."
Personen in BIG register op peildatum met achtergrondkenmerken,BIG_ANALYSEBESTAND,DatumErkenning,datum erkenning van het diploma van de persoon voor het betreffende beroep/specialisme,Het format is JJJJMMDD voor DatumErkenning van het diploma.
Kenmerken van uitkeringsperiodes van personen met een bijstandsuitkering,BIJSTANDPERSOONBUS,aanvangioaw,Begindatum IOAW-uitkering,Datumnotatie = DDMMJJJJ
Kenmerken van uitkeringsperiodes van personen met een bijstandsuitkering,BIJSTANDPERSOONBUS,aanvangstudietoeslag,Begindatum studietoeslag,Datumnotatie = DDMMJJJJ
Kenmerken van uitkeringsperiodes van personen met een bijstandsuitkering,BIJSTANDPERSOONBUS,Aanvbijstandpersoon,Begin geldigheid,Datumnotatie = DDMMJJJJ
Kenmerken van uitkeringsperiodes van personen met een bijstandsuitkering,BIJSTANDPERSOONBUS,Eindbijstandpersoon,Einde geldigheid,Datumnotatie = DDMMJJJJ
Kenmerken van uitkeringsperiodes van personen met een bijstandsuitkering,BIJSTANDPERSOONBUS,aanvangbijstandeldersverz,Begindatum uitkering inrichting,Datumnotatie = DDMMJJJJ
Kenmerken van uitkeringsperiodes van personen met een bijstandsuitkering,BIJSTANDPERSOONBUS,aanvangbbz,Begindatum BBZ-uitkering,Datumnotatie = DDMMJJJJ
Kenmerken van uitkeringsperiodes van personen met een bijstandsuitkering,BIJSTANDPERSOONBUS,aanvangioaz,Begindatum IOAZ-uitkering,Datumnotatie = DDMMJJJJ
Kenmerken van uitkeringsperiodes van personen met een bijstandsuitkering,BIJSTANDPERSOONBUS,aanvangwwik,Begindatum Wwik-uitkering,Datumnotatie = DDMMJJJJ
Kenmerken van uitkeringsperiodes van personen met een bijstandsuitkering,BIJSTANDPERSOONBUS,aanvangbijstand,Begindatum Bijstandsuitkering,Datumnotatie = DDMMJJJJ
Kenmerken van uitkeringsperiodes van personen met een bijstandsuitkering,BIJSTANDPERSOONBUS,aanvangTozo,Begindatum Tozo,Datumnotatie = DDMMJJJJ
Kenmerken van uitkeringsperiodes van personen met een bijstandsuitkering,BIJSTANDPERSOONBUS,aanvangbijstandoverig,Begindatum Overige bijstandsuitkering,Datumnotatie = DDMMJJJJ
Kenmerken van uitkeringsperiodes van personen met een bijstandsuitkering,BIJSTANDPERSOONBUS,aanvangbijstandadresloos,Begindatum uitkering adreslozen,Datumnotatie = DDMMJJJJ
Kenmerken van bijstandsuitkeringen,BIJSTANDUITKERINGTAB,BIJSTANDEinddatumOntheffing1A,Datum einde ontheffing arbeidsverplichting eerste persoon,Datum laatse dag dat volledige ontheffing van eerste persoon nog van toepassing is.
Kenmerken van bijstandsuitkeringen,BIJSTANDUITKERINGTAB,BIJSTANDEindeUitkeringPersoon1A,Datum einde uitkering van de eerste persoon,Einddatum van de uitkering van de eerste persoon
Kenmerken van bijstandsuitkeringen,BIJSTANDUITKERINGTAB,BIJSTANDEinddatumOntheffing2A,Datum einde ontheffing arbeidsverplichting tweede persoon,Datum laatse dag dat volledige ontheffing van tweede persoon nog van toepassing is
Kenmerken van bijstandsuitkeringen,BIJSTANDUITKERINGTAB,BIJSTANDAanvangUitkeringPersoon1A,Datum aanvang uitkering eerste persoon,Aanvangsdatum van de uitkering van de eerste persoon
Kenmerken van bijstandsuitkeringen,BIJSTANDUITKERINGTAB,BIJSTANDAanvangUitkeringPersoon2A,Datum aanvang uitkering tweede persoon,Aanvangsdatum van de uitkering van de tweede persoon
Kenmerken van bijstandsuitkeringen,BIJSTANDUITKERINGTAB,BIJSTANDEindeUitkeringPersoon2A,Datum einde uitkering van de tweede persoon,Einddatum van de uitkering van de tweede persoon
Kenmerken van bijstandsuitkeringen,BIJSTANDUITKERINGTAB,BIJSTANDEinddatumOntheffing1A,Datum einde ontheffing arbeidsverplichting eerste persoon,Datum laatste dag dat volledige ontheffing van eerste persoon nog van toepassing is.
Kenmerken van bijstandsuitkeringen,BIJSTANDUITKERINGTAB,BIJSTANDAanvangsdatumVermindering1A,Aanvangsdatum vermindering eerste persoon,De aanvangsdatum vermindering is alleen van toepassing bij Algemene bijstand en Ioaw
Kenmerken van bijstandsuitkeringen,BIJSTANDUITKERINGTAB,BIJSTANDEinddatumVermindering1A,Einddatum vermindering eerste persoon,De einddatum vermindering is alleen van toepassing bij Algemene bijstand en Ioaw
Kenmerken van bijstandsuitkeringen,BIJSTANDUITKERINGTAB,BIJSTANDEinddatumVermindering2A,Einddatum vermindering tweede persoon,De einddatum vermindering is alleen van toepassing bij Algemene bijstand en Ioaw
Kenmerken van bijstandsuitkeringen,BIJSTANDUITKERINGTAB,BIJSTANDAanvangsdatumVermindering2A,Aanvangsdatum vermindering tweede persoon,De aanvangsdatum vermindering is alleen van toepassing bij Algemene bijstand en Ioaw
Kenmerken van vorderingen van gemeenten op (ex-)ontvangers van een bijstandsuitkering,BIJSTANDVORDERINGTAB,VORDERINGBegindatumVorderingA,Begindatum overtreding,Begindatum overtreding wordt weergegeven in het formaat jjjjmmdd
Kenmerken van vorderingen van gemeenten op (ex-)ontvangers van een bijstandsuitkering,BIJSTANDVORDERINGTAB,VORDERINGDatumBesluitA,Datum besluit,Datum besluit wordt weergegeven in het formaat jjjjmmdd.
Kenmerken van vorderingen van gemeenten op (ex-)ontvangers van een bijstandsuitkering,BIJSTANDVORDERINGTAB,VORDERINGEinddatumVorderingA,Einddatum overtreding,Einddatum overtreding wordt weergegeven in het formaat jjjjmmdd
Door bureau jeugdzorg afgegeven indicaties voor AWBZ-zorg,BJZAWBZTAB,BJZEINDFUNCTIE,Einddatum indicatie,"Indicaties in het bestand zijn gesplitst op de jaargrens, de begindatum is hierdoor op zijn vroegst op 1 januari van het verslagjaar. De einddatum op zijn laatst op 31 december van het verslagjaar. Dit maakt het mogelijk de verschillende jaren van de component achter elkaar te zetten zonder overlappende records te krijgen."
Door bureau jeugdzorg afgegeven indicaties voor AWBZ-zorg,BJZAWBZTAB,BJZBEGINFUNCTIE,Begindatum indicatie,"Indicaties in het bestand zijn gesplitst op de jaargrens, de begindatum is hierdoor op zijn vroegst op 1 januari van het verslagjaar. De einddatum op zijn laatst op 31 december van het verslagjaar. Dit maakt het mogelijk de verschillende jaren van de component achter elkaar te zetten zonder overlappende records te krijgen."
"Consumenten Conjunctuuronderzoek: consumentenvertrouwen, economisch klimaat, koopbereidheid van huishoudens en personen.",CCO,CCOVRGMaand,Enquêtemaand,Enquêtemaand
"Consumenten Conjunctuuronderzoek: consumentenvertrouwen, economisch klimaat, koopbereidheid van huishoudens en personen.",CCO,CCOVRGRespDag,Enquêtedag,Enquêtedag
"Consumenten Conjunctuuronderzoek: consumentenvertrouwen, economisch klimaat, koopbereidheid van huishoudens en personen.",CCO,CCOVRGJaar,Enquêtejaar,Enquêtejaar
Personen die staan ingeschreven bij een Centrum voor Werk en Inkomen (CWI),CWITAB,AANVCWI,De aanvangsdatum (JJJJMMDD) van inschrijving bij (op dat moment geldend) Centrum voor Werk en Inkomen (CWI).,Het Centrum voor Werk en Inkomen (CWI) was voorheen Arbeidsbureau en vanaf 1-1-2009 bekend als UWV-werkbedrijf
Zorgproducten in de tweedelijns of gespecialiseerde Geestelijke Gezondheidszorg buiten de Diagnose Behandel Combinaties,DBCGGZOVERIGEZORGPRODUCTENTAB,GGZOVVEinddatum,Einddatum van het overige zorgproduct,Einddatum van het overige zorgproduct; in format: YYYYMMDD
Zorgproducten in de tweedelijns of gespecialiseerde Geestelijke Gezondheidszorg buiten de Diagnose Behandel Combinaties,DBCGGZOVERIGEZORGPRODUCTENTAB,GGZOVVBegindatum,Begindatum van het overige zorgproduct,Begindatum van het overige zorgproduct; in format: YYYYMMDD
Vektis dementieindicatoren,DEMENTIEINDICATIEVEKTIS,DEMINDJAAR,DEMINDJAAR,Jaar waarin een persoon een dementie geralateerde zorgactiviteit of indicatie heeft ontvangen.. Voor 2014 en eerder is de waarde 't/m 2014'
Vektis dementieindicatoren,DEMENTIEINDICATIEVEKTIS,DEMINDEERSTEJAAR,DEMINDEERSTEJAAR,Deze is alleen gevuld als DEMINDJAAR 't/m 2014' is. En deze bevat alleen het eerste jaar waarin deze zorgactiviteit of indicatie is ontvangen. Niet bekend is in hoeveel jaren tussen DEMINDEERSTEJAAR en 2014 deze zorg is geleverd.
Persoonsidentificatoren van in het gemeentelijk register van overlijden ingeschreven doodgeboren personen,DGGBAPERSOONTAB,DGGEBOORTEDATUMJONGSTEKINDVADER,Geboortedatum jongste kind van de vader van de dood geboren persoon,"Betreft het jongste kind van de juridische vader, de geborene zelf buiten beschouwing gelaten. Het kind hoeft niet tot het huishouden te behoren."
Persoonsidentificatoren van in het gemeentelijk register van overlijden ingeschreven doodgeboren personen,DGGBAPERSOONTAB,DGGEBOORTEDATUMOUDSTEKINDMOEDER,Geboortedatum oudste kind van de moeder van de doodgeboren persoon,"Betreft het oudste kind van de juridische moeder, de geborene zelf buiten beschouwing gelaten. Het kind hoeft niet tot het huishouden te behoren."
Persoonsidentificatoren van in het gemeentelijk register van overlijden ingeschreven doodgeboren personen,DGGBAPERSOONTAB,DGGEBOORTEDATUMJONGSTEKINDMOEDER,Geboortedatum jongste kind van de moeder van de doodgeboren persoon,"Betreft het jongste kind van de juridische moeder, de geborene zelf buiten beschouwing gelaten. Het kind hoeft niet tot het huishouden te behoren."
Persoonsidentificatoren van in het gemeentelijk register van overlijden ingeschreven doodgeboren personen,DGGBAPERSOONTAB,DGDATUMPARTUS,Geboortedatum dood geboren persoon,Geboortedatum zoals vastgelegd op de Telkaart Doodgeborene.
Persoonsidentificatoren van in het gemeentelijk register van overlijden ingeschreven doodgeboren personen,DGGBAPERSOONTAB,DGGEBOORTEDATUMOUDSTEKINDVADER,Geboortedatum oudste kind van de vader van de dood geboren persoon,"Betreft het oudste kind van de juridische vader, de geborene zelf buiten beschouwing gelaten. Het kind hoeft niet tot het huishouden te behoren."
Personen in donorregister,DONORTAB,DONORdatum,Datum van registratie,Datum van de laatste registratie in het donorregister
Doodsoorzaken van personen die bij overlijden inwoners waren van Nederland,DOODOORZTAB,STATJAAR,Statistiekjaar,Dit jaartal hoeft niet overeen te komen met het jaar van overlijden.
Personen in de Enquête Beroepsbevolking (EBB) met gegevens over hun werkkring(en).,EBBAFLTAB,EbbAflSindsDat1,Sinds welke datum werkzaam in werkkring 1,"Het betreft hier de eerste werkkring van een persoon.

Dit is een afgeleide variabele, die gebaseerd is op één of meerdere variabelen uit de EBB-vragenlijst. Zie de externe link voor het exacte afleidingsschema."
Personen in de Enquête Beroepsbevolking (EBB) met gegevens over hun werkkring(en).,EBBAFLTAB,EbbAflSindsDat1,Sinds welke datum werkzaam in werkkring 1,"Deze variabele is niet meer beschikbaar met ingang van het EBB-design 2021.

Het betreft hier de eerste werkkring van een persoon.

Dit is een afgeleide variabele, die gebaseerd is op één of meerdere variabelen uit de EBB-vragenlijst. Zie de externe link voor het exacte afleidingsschema."
"Personen in de Enquête Beroepsbevolking met gegevens over de combinatie van arbeid, zorg en kinderopvang",EBBARBEIDZORGTAB,SleutelEBB,sleutel EBB,De EBB-sleutel = Enquêtedatum in Enquête Beroepsbevolking (EBB). De Enquête Beroepsbevolking (EBB) een zogenaamd roterend panelonderzoek. Respondenten worden in totaal vijf maal benaderd voor de Enquête beroepsbevolking. Dit betekend dat een persoon in principe maximaal 4 maal per jaar kan zijn opgenomen. Opmerking: De laatste dagen van het jaar voorafgaande aan het verslagjaar alsmede de eerst dagen van het volgende jaar kunnen tot het huidige verslagjaar worden gerekend.
"Personen in de Enquête Beroepsbevolking met gegevens over de combinatie van arbeid, zorg en kinderopvang",EBBARBEIDZORGTAB,EbbAflWerktijden,Mogelijkheid tot zelf bepalen werktijden,Dit is een afgeleide variabele. Aan werkzame personen is gevraagd in hoeverre zij zelf de begin- en eindtijd van hun werkdag kunnen bepalen. De antwoordcategorieën van deze vraag worden samengevoegd tot twee categorieën.
Personen in de Enquête Beroepsbevolking met gegevens over de combinatie van arbeid en zorg,EBBARBZORGTAB,SLEUTELEBB,sleutel EBB,"De EBB-sleutel = Enquêtedatum in Enquête Beroepsbevolking (EBB). 

De Enquête Beroepsbevolking (EBB) een zogenaamd roterend panelonderzoek. Respondenten worden in totaal vijf maal benaderd voor de Enquête beroepsbevolking. Dit betekend dat een persoon in principe maximaal 4 maal per jaar kan zijn opgenomen. Omdat echter een persoon gedurende een jaar van huishouden kan wisselen komt het voordat persoon meer dan 4 enquêtedatums in een jaar bestand heeft.

Opmerking:
De laatste dagen van het jaar voorafgaande aan het verslagjaar alsmede de eerst dagen van het volgende jaar kunnen tot het huidige verslagjaar worden gerekend."
Personen in de Enquête Beroepsbevolking met gegevens over de combinatie van arbeid en zorg,EBBARBZORGTAB,SLEUTELEBB,sleutel EBB,"De EBB-sleutel = Enquêtedatum in Enquête Beroepsbevolking (EBB).  

De Enquête Beroepsbevolking (EBB) een zogenaamd roterend panelonderzoek. Respondenten worden in totaal vijf maal benaderd voor de Enquête beroepsbevolking. Dit betekend dat een persoon in principe maximaal 4 maal per jaar kan zijn opgenomen. Omdat echter een persoon gedurende een jaar van huishouden kan wisselen komt het voordat persoon meer dan 4 enquêtedatums in een jaar bestand heeft.  

Opmerking: De laatste dagen van het jaar voorafgaande aan het verslagjaar alsmede de eerst dagen van het volgende jaar kunnen tot het huidige verslagjaar worden gerekend."
Personen in de Enquête Beroepsbevolking met gegevens over de combinatie van arbeid en zorg,EBBARBZORGTAB,EbbZrgFlexWerk,Kunt u zelf in enige mate de dagelijkse of wekelijkse tijdstippen bepalen waarop u werkt?,"Het betreft een vragenlijstvariabele.  

Vraagstelling: ($A: Kunt u, al u dat wilt, $B: Kan hij, als hij dat wil, $C: Kan zij, als zij dat wil,) zelf in enige mate de dagelijkse of wekelijkse tijdstippen bepalen waarop ($A: u $B: hij $C: zij) werkt? 
(Instructie: alle mogelijkheden van flexibele werktijden tellen mee, bijvoorbeeld: flexibele begin- en eindtijden, keuze voor bepaalde diensten in rooster, dagdelen kiezen waarop wordt gewerkt, indikken van werkweek om dag(deel) vrij te hebben)."
Personen in de Enquête Beroepsbevolking met gegevens over de combinatie van arbeid en zorg,EBBARBZORGTAB,SLEUTELEBB,sleutel EBB,De EBB-sleutel = Enquêtedatum in Enquête Beroepsbevolking (EBB).  De Enquête Beroepsbevolking (EBB) een zogenaamd roterend panelonderzoek. Respondenten worden in totaal vijf maal benaderd voor de Enquête beroepsbevolking. Dit betekend dat een persoon in principe maximaal 4 maal per jaar kan zijn opgenomen. Omdat echter een persoon gedurende een jaar van huishouden kan wisselen komt het voordat persoon meer dan 4 enquêtedatums in een jaar bestand heeft.  Opmerking: De laatste dagen van het jaar voorafgaande aan het verslagjaar alsmede de eerst dagen van het volgende jaar kunnen tot het huidige verslagjaar worden gerekend.
Personen in de Enquête Beroepsbevolking met gegevens over de combinatie van arbeid en zorg,EBBARBZORGTAB,EbbZrgFlexWerk,Kunt u zelf in enige mate de dagelijkse of wekelijkse tijdstippen bepalen waarop u werkt?,"Het betreft een vragenlijstvariabele.  Vraagstelling: ($A: Kunt u, al u dat wilt, $B: Kan hij, als hij dat wil, $C: Kan zij, als zij dat wil,) zelf in enige mate de dagelijkse of wekelijkse tijdstippen bepalen waarop ($A: u $B: hij $C: zij) werkt? (Instructie: alle mogelijkheden van flexibele werktijden tellen mee, bijvoorbeeld: flexibele begin- en eindtijden, keuze voor bepaalde diensten in rooster, dagdelen kiezen waarop wordt gewerkt, indikken van werkweek om dag(deel) vrij te hebben)."
Personen in de Enquête Beroepsbevolking met gegevens over de bedrijfsclassificatie van de werkkring van werkzame personen.,EBBBEDRIJFTAB,SLEUTELEBB,sleutel EBB,"De EBB-sleutel = Enquetedatum in Enquete Beroepsbevolking (EBB). 

De Enquete Beroepsbevolking (EBB) een zogenaamd roterend panelonderzoek. Respondenten worden in totaal vijf maal benaderd voor de Enquete Beroepsbevolking. Dit betekend dat een persoon in principe maximaal 4 maal per jaar kan zijn opgenomen. Omdat echter een personen gedurend 
een jaar van huishouden kan wisselen komt het voordat persoon meer dan 4 enquetedatums in een jaar bestand heeft.

Opmerking:
De laatste dagen van het jaar voorafgaande aan het verslagjaar alsmede de eerst dagen van het volgende jaar kunnen tot het huidige verslagjaar worden gerekenend."
Personen in de Enquête Beroepsbevolking met gegevens over de bedrijfsclassificatie van de werkkring van werkzame personen.,EBBBEDRIJFTAB,SLEUTELEBB,sleutel EBB,"De EBB-sleutel = Enquetedatum in Enquete Beroepsbevolking (EBB). 

De Enquete Beroepsbevolking (EBB) een zogenaamd roterend panelonderzoek. Respondenten worden in totaal vijf maal benaderd voor de Enquete Beroepsbevolking. Dit betekent dat een persoon in principe maximaal 4 maal per jaar kan zijn opgenomen. Omdat echter personen gedurende 
een jaar van huishouden kan wisselen komt het voor dat een persoon meer dan 4 enquetedatums in een jaar bestand heeft.

Opmerking:
De laatste dagen van het jaar voorafgaande aan het verslagjaar alsmede de eerst dagen van het volgende jaar kunnen tot het huidige verslagjaar worden gerekenend."
Personen in de Enquête Beroepsbevolking met gegevens over hun beroep in de 1ste werkkring van werkzame personen.,EBBBEROEPTAB,SLEUTELEBB,sleutel EBB,"De EBB-sleutel = Enquetedatum in Enquete Beroepsbevolking (EBB). 

De Enquete Beroepsbevolking (EBB) een zogenaamd roterend panelonderzoek. Respondenten worden in totaal vijf maal benaderd voor de Enquete beroepsbevolking. Dit betekend dat een persoon in principe maximaal 4 maal per jaar kan zijn opgenomen. Omdat echter een personen gedurend 
een jaar van huishouden kan wisselen komt het voordat persoon meer dan 4 enquetedatums in een jaar bestand heeft.

Opmerking:
De laatste dagen van het jaar voorafgaande aan het verslagjaar alsmede de eerst dagen van het volgende jaar kunnen tot het huidige verslagjaar worden gerekenend."
Personen in de Enquête Beroepsbevolking met gegevens over hun beroep in de 1ste werkkring van werkzame personen.,EBBBEROEPTAB,SLEUTELEBB,sleutel EBB,"De EBB-sleutel = Enquetedatum in Enquete Beroepsbevolking (EBB). 

De Enquete Beroepsbevolking (EBB) een zogenaamd roterend panelonderzoek. Respondenten worden in totaal vijf maal benaderd voor de Enquete beroepsbevolking. Dit betekent dat een persoon in principe maximaal 4 maal per jaar kan zijn opgenomen. Omdat echter personen gedurende
een jaar van huishouden kan wisselen komt het voor dat een persoon meer dan 4 enquetedatums in een jaar bestand heeft.

Opmerking:
De laatste dagen van het jaar voorafgaande aan het verslagjaar alsmede de eerste dagen van het volgende jaar kunnen tot het huidige verslagjaar worden gerekenend."
Personen in de Enquete Beroepsbevolking naar familie relatie in huishouden,EBBFAMILIETAB,SLEUTELEBB,sleutel EBB,"De EBB-sleutel = Enquetedatum in Enquete Beroepsbevolking (EBB). 

De Enquete Beroepsbevolking (EBB) een zogenaamd roterend panelonderzoek. Respondenten worden in totaal vijf maal benaderd voor de Enquete beroepsbevolking. Dit betekend dat een persoon in principe maximaal 4 maal per jaar kan zijn opgenomen. Omdat echter een personen gedurend 
een jaar van huishouden kan wisselen komt het voordat persoon meer dan 4 enquetedatums in een jaar bestand heeft.

Opmerking:
De laatste dagen van het jaar voorafgaande aan het verslagjaar alsmede de eerst dagen van het volgende jaar kunnen tot het huidige verslagjaar worden gerekenend."
Personen in de Enquête Beroepsbevolking (EBB) met gegevens over hun geloof en gezondheid.,EBBGELOOFTAB,SLEUTELEBB,sleutel EBB,"De EBB-sleutel = Enquetedatum in Enquete Beroepsbevolking (EBB). 

De Enquete Beroepsbevolking (EBB) een zogenaamd roterend panelonderzoek. Respondenten worden in totaal vijf maal benaderd voor de Enquete beroepsbevolking. Dit betekend dat een persoon in principe maximaal 4 maal per jaar kan zijn opgenomen. Omdat echter een personen gedurend een jaar van huishouden kan wisselen komt het voordat persoon meer dan 4 enquetedatums in een jaar bestand heeft.

Opmerking: De laatste dagen van het jaar voorafgaande aan het verslagjaar alsmede de eerst dagen van het volgende jaar kunnen tot het huidige verslagjaar worden gerekenend."
Personen naar demografische kenmerken in de Enquête Beroepsbevolking (EBB).,EBBHHBTAB,EbbHHbGebdat,Geboortedatum,"De geboortedatum volgens de respondent.

De geboortedatum volgens de respondent  kan afwijken van de geboortedatum zoals vermeld in de Gemeentelijke Basisadministratie (GBA)."
Personen naar demografische kenmerken in de Enquête Beroepsbevolking (EBB).,EBBHHBTAB,SLEUTELEBB,sleutel EBB,"De EBB-sleutel = Enquetedatum in Enquete Beroepsbevolking (EBB). 

De Enquete Beroepsbevolking (EBB) een zogenaamd roterend panelonderzoek. Respondenten worden in totaal vijf maal benaderd voor de Enquete beroepsbevolking. Dit betekend dat een persoon in principe maximaal 4 maal per jaar kan zijn opgenomen. Omdat echter een personen gedurend een jaar van huishouden kan wisselen komt het voordat persoon meer dan 4 enquetedatums in een jaar bestand heeft.

Opmerking:
De laatste dagen van het jaar voorafgaande aan het verslagjaar alsmede de eerst dagen van het volgende jaar kunnen tot het huidige verslagjaar worden gerekenend."
Personen naar demografische kenmerken in de Enquête Beroepsbevolking (EBB).,EBBHHBTAB,EbbHHbGebdat,Geboortedatum,"De geboortedatum volgens de respondent. 

De geboortedatum volgens de respondent  kan afwijken van de geboortedatum zoals vermeld in de Gemeentelijke Basisadministratie (GBA)."
Gegevens van huishoudkernleden in de Enquête Beroepsbevolking,EBBHHKERNTAB,SLEUTELEBB,sleutel EBB,"De EBB-sleutel = Enquetedatum in Enquete Beroepsbevolking (EBB). 

De Enquete Beroepsbevolking (EBB) een zogenaamd roterend panelonderzoek. Respondenten worden in totaal vijf maal benaderd voor de Enquete beroepsbevolking. Dit betekent dat een persoon in principe maximaal 4 maal per jaar kan zijn opgenomen. Omdat echter een persoon gedurende een jaar van huishouden kan wisselen komt het voor dat een persoon meer dan 4 enquetedatums in een jaar bestand heeft.

Opmerking:
De laatste dagen van het jaar voorafgaande aan het verslagjaar alsmede de eerst dagen van het volgende jaar kunnen tot het huidige verslagjaar worden gerekend."
Personen in Enquête Beroepsbevolking (EBB) historisch met gegevens over onderwijs en beroep.,EBBHISTAB,SLEUTELEBB,sleutel EBB,"De EBB-sleutel = Enquetedatum in Enquete Beroepsbevolking (EBB). 

De Enquete Beroepsbevolking (EBB) een zogenaamd roterend panelonderzoek. Respondenten worden in totaal vijf maal benaderd voor de Enquete beroepsbevolking. Dit betekend dat een persoon in principe maximaal 4 maal per jaar kan zijn opgenomen. Omdat echter een personen gedurend een jaar van huishouden kan wisselen komt het voordat persoon meer dan 4 enquetedatums in een jaar bestand heeft.

Opmerking: De laatste dagen van het jaar voorafgaande aan het verslagjaar alsmede de eerst dagen van het volgende jaar kunnen tot het huidige verslagjaar worden gerekenend."
Personen in de Enquête Beroepsbevolking (EBB) eerst peiling historisch met gegevens over gezondheid.,EBBJAARHISTAB,SLEUTELEBB,sleutel EBB,"De EBB-sleutel = Enquetedatum in Enquete Beroepsbevolking (EBB). 

De Enquete Beroepsbevolking (EBB) een zogenaamd roterend panelonderzoek. Respondenten worden in totaal vijf maal benaderd voor de Enquete beroepsbevolking. Dit betekend dat een persoon in principe maximaal 4 maal per jaar kan zijn opgenomen. Omdat echter een personen gedurend 
een jaar van huishouden kan wisselen komt het voordat persoon meer dan 4 enquetedatums in een jaar bestand heeft.

Opmerking:
De laatste dagen van het jaar voorafgaande aan het verslagjaar alsmede de eerst dagen van het volgende jaar kunnen tot het huidige verslagjaar worden gerekenend."
Personen in de Enquête Beroepsbevolking (EBB) met gegevens over werktijden en retro.,EBBJAARTAB,EbbRtrStopJaar,In welk jaar is persoon in deze werkkring gestopt of minder gaan werken,"Het betreft een vragenlijstvariabele. 

Vraagstelling:
In welk jaar bent u met die werkkring gestopt of minder dan 12 uur gaan werken?
(Instructie: laatste werkkring, langer dan 1 jaar, van 12 uur of meer)"
Personen in de Enquête Beroepsbevolking (EBB) met gegevens over werktijden en retro.,EBBJAARTAB,SLEUTELEBB,sleutel EBB,"De EBB-sleutel = Enquetedatum in Enquete Beroepsbevolking (EBB). 

De Enquete Beroepsbevolking (EBB) een zogenaamd roterend panelonderzoek. Respondenten worden in totaal vijf maal benaderd voor de Enquete beroepsbevolking. Dit betekend dat een persoon in principe maximaal 4 maal per jaar kan zijn opgenomen. Omdat echter een personen gedurend 
een jaar van huishouden kan wisselen komt het voordat persoon meer dan 4 enquetedatums in een jaar bestand heeft.

Opmerking:
De laatste dagen van het jaar voorafgaande aan het verslagjaar alsmede de eerst dagen van het volgende jaar kunnen tot het huidige verslagjaar worden gerekenend."
Personen in de Enquête Beroepsbevolking (EBB) met gegevens over werktijden en retro.,EBBJAARTAB,EbbRtrStopMnd,In welke maand is persoon in deze werkkring gestopt of minder gaan werken,"Het betreft een vragenlijstvariabele.

Vraagstelling:
En in welke maand?
(Instructie: eventueel schatten; alleen “weet niet” indien volledig onbekend).

Personen die minder dan 3 jaar geleden zijn gestopt met werken in een betaalde baan van 12 uur of meer 
krijgen de vraag naar de maand waarin ze zijn gestopt."
Personen in de Enquete Beroepsbevolking met longitudinale gegevens.,EBBLONGTAB,SLEUTELEBB,sleutel EBB,"De EBB-sleutel = Enquetedatum in Enquete Beroepsbevolking (EBB). 

De Enquete Beroepsbevolking (EBB) een zogenaamd roterend panelonderzoek. Respondenten worden in totaal vijf maal benaderd voor de Enquete beroepsbevolking. Dit betekend dat een persoon in principe maximaal 4 maal per jaar kan zijn opgenomen. Omdat echter een personen gedurend 
een jaar van huishouden kan wisselen komt het voordat persoon meer dan 4 enquetedatums in een jaar bestand heeft.

Opmerking:
De laatste dagen van het jaar voorafgaande aan het verslagjaar alsmede de eerst dagen van het volgende jaar kunnen tot het huidige verslagjaar worden gerekenend."
Personen in de Enquête Beroepsbevolking (EBB) met gegevens over hun opleiding(en).,EBBONDBLOKTAB,EbbOgeGMndBegin3,In welke maand bent u met de 3e opleiding of cursus begonnen?,"Het betreft een vragenlijstvariabele.

Vraagstelling:
In welk jaar bent u met die opleiding of cursus begonnen?
(Instructie: De <OP> werd 12 jaar op: [dd-mm-jj]
                Jaar einde vorige opleiding: [jj]).

Opmerking:
De enquêteurs krijgen als hulpinformatie het jaar te zien waarin de vorige opleiding is gestopt."
Personen in de Enquête Beroepsbevolking (EBB) met gegevens over hun opleiding(en).,EBBONDBLOKTAB,EbbOgeGMndEinde2,In welke maand bent u met de 2e opleiding of cursus gestopt?,"Het betreft een vragenlijstvariabele.

Vraagstelling:
In welke maand (heeft u het laatste examen afgelegd / bent u gestopt met de opleiding of cursus / zijn de lessen beëindigd / heeft u de opleiding afgesloten)?

Personen die minder dan 3 jaar geleden zijn begonnen aan deze opleiding wordt gevraagd naar de maand.

Afhankelijk van de voorafgaande beantwoording, wordt de vraagtekst aangepast aan de situatie van de respondent (of de persoon waarvoor hij/zij antwoordt bij proxy beantwoording)."
Personen in de Enquête Beroepsbevolking (EBB) met gegevens over hun opleiding(en).,EBBONDBLOKTAB,EbbOgeGMndBegin6,In welke maand bent u met de 6e opleiding of cursus begonnen?,"Het betreft een vragenlijstvariabele.

Vraagstelling:
In welk jaar bent u met die opleiding of cursus begonnen?
(Instructie: De <OP> werd 12 jaar op: [dd-mm-jj]
                Jaar einde vorige opleiding: [jj]).

Opmerking:
De enquêteurs krijgen als hulpinformatie het jaar te zien waarin de vorige opleiding is gestopt."
Personen in de Enquête Beroepsbevolking (EBB) met gegevens over hun opleiding(en).,EBBONDBLOKTAB,EbbOgeGbeginOpl8,In welk jaar bent u met de 8e opleiding of cursus begonnen?,"Het betreft een vragenlijstvariabele.

Vraagstelling:
In welk jaar bent u met die opleiding of cursus begonnen?
(Instructie: De <OP> werd 12 jaar op: [dd-mm-jj]
                Jaar einde vorige opleiding: [jj]).

Opmerking:
De enquêteurs krijgen als hulpinformatie het jaar te zien waarin de vorige opleiding is gestopt."
Personen in de Enquête Beroepsbevolking (EBB) met gegevens over hun opleiding(en).,EBBONDBLOKTAB,SLEUTELEBB,sleutel EBB,"De EBB-sleutel = Enquetedatum in Enquete Beroepsbevolking (EBB). 

De Enquete Beroepsbevolking (EBB) een zogenaamd roterend panelonderzoek. Respondenten worden in totaal vijf maal benaderd voor de Enquete beroepsbevolking. Dit betekend dat een persoon in principe maximaal 4 maal per jaar kan zijn opgenomen. Omdat echter een personen gedurend een jaar van huishouden kan wisselen komt het voordat persoon meer dan 4 enquetedatums in een jaar bestand heeft.

Opmerking:
De laatste dagen van het jaar voorafgaande aan het verslagjaar alsmede de eerst dagen van het volgende jaar kunnen tot het huidige verslagjaar worden gerekenend."
Personen in de Enquête Beroepsbevolking (EBB) met gegevens over hun opleiding(en).,EBBONDBLOKTAB,EbbOgeGMndBegin1,In welke maand bent u met de 1e opleiding of cursus begonnen?,"Het betreft een vragenlijstvariabele.

Vraagstelling:
In welk jaar bent u met die opleiding of cursus begonnen?
(Instructie: De <OP> werd 12 jaar op: [dd-mm-jj]
                Jaar einde vorige opleiding: [jj]).

Opmerking:
De enquêteurs krijgen als hulpinformatie het jaar te zien waarin de vorige opleiding is gestopt."
Personen in de Enquête Beroepsbevolking (EBB) met gegevens over hun opleiding(en).,EBBONDBLOKTAB,EbbOgeGbeginOpl2,In welk jaar bent u met de 2e opleiding of cursus begonnen?,"Het betreft een vragenlijstvariabele.

Vraagstelling:
In welk jaar bent u met die opleiding of cursus begonnen?
(Instructie: De <OP> werd 12 jaar op: [dd-mm-jj]
 Jaar einde vorige opleiding: [jj]).

Opmerking:
De enquêteurs krijgen als hulpinformatie het jaar te zien waarin de vorige opleiding is gestopt."
Personen in de Enquête Beroepsbevolking (EBB) met gegevens over hun opleiding(en).,EBBONDBLOKTAB,EbbOgeGMndBegin2,In welke maand bent u met de 2e opleiding of cursus begonnen?,"Het betreft een vragenlijstvariabele.

Vraagstelling:
In welk jaar bent u met die opleiding of cursus begonnen?
(Instructie: De <OP> werd 12 jaar op: [dd-mm-jj]
                Jaar einde vorige opleiding: [jj]).

Opmerking:
De enquêteurs krijgen als hulpinformatie het jaar te zien waarin de vorige opleiding is gestopt."
Personen in de Enquête Beroepsbevolking (EBB) met gegevens over hun opleiding(en).,EBBONDBLOKTAB,EbbOgeGMndBegin8,In welke maand bent u met de 8e opleiding of cursus begonnen?,"Het betreft een vragenlijstvariabele.

Vraagstelling:
In welk jaar bent u met die opleiding of cursus begonnen?
(Instructie: De <OP> werd 12 jaar op: [dd-mm-jj]
                Jaar einde vorige opleiding: [jj]).

Opmerking:
De enquêteurs krijgen als hulpinformatie het jaar te zien waarin de vorige opleiding is gestopt."
Personen in de Enquête Beroepsbevolking (EBB) met gegevens over hun opleiding(en).,EBBONDBLOKTAB,EbbOgeGMndBegin7,In welke maand bent u met de 7e opleiding of cursus begonnen?,"Het betreft een vragenlijstvariabele.

Vraagstelling:
In welk jaar bent u met die opleiding of cursus begonnen?
(Instructie: De <OP> werd 12 jaar op: [dd-mm-jj]
                Jaar einde vorige opleiding: [jj]).

Opmerking:
De enquêteurs krijgen als hulpinformatie het jaar te zien waarin de vorige opleiding is gestopt."
Personen in de Enquête Beroepsbevolking (EBB) met gegevens over hun opleiding(en).,EBBONDBLOKTAB,EbbOgeGMndEinde6,In welke maand bent u met de 6e opleiding of cursus gestopt?,"Het betreft een vragenlijstvariabele.

Vraagstelling:
In welke maand (heeft u het laatste examen afgelegd / bent u gestopt met de opleiding of cursus / zijn de lessen beëindigd / heeft u de opleiding afgesloten)?

Personen die minder dan 3 jaar geleden zijn begonnen aan deze opleiding wordt gevraagd naar de maand.

Afhankelijk van de voorafgaande beantwoording, wordt de vraagtekst aangepast aan de situatie van de respondent (of de persoon waarvoor hij/zij antwoordt bij proxy beantwoording)."
Personen in de Enquête Beroepsbevolking (EBB) met gegevens over hun opleiding(en).,EBBONDBLOKTAB,EbbOgeGMndEinde1,In welke maand bent u met de 1e opleiding of cursus gestopt?,"Het betreft een vragenlijstvariabele.

Vraagstelling:
In welke maand (heeft u het laatste examen afgelegd / bent u gestopt met de opleiding of cursus / zijn de lessen beëindigd / heeft u de opleiding afgesloten)?

Personen die minder dan 3 jaar geleden zijn begonnen aan deze opleiding wordt gevraagd naar de maand.

Afhankelijk van de voorafgaande beantwoording, wordt de vraagtekst aangepast aan de situatie van de respondent (of de persoon waarvoor hij/zij antwoordt bij proxy beantwoording)."
Personen in de Enquête Beroepsbevolking (EBB) met gegevens over hun opleiding(en).,EBBONDBLOKTAB,EbbOgeGEindeOpl1,In welk jaar bent u met de 1e opleiding of cursus gestopt?,"Het betreft een vragenlijstvariabele.

Vraagstelling:
En in welk jaar bent u daarmee opgehouden?
(Instructie: De <OP> werd 12 jaar op: [dd-mm-jj]).

Opmerking:
De eerstvolgende opleiding na het basis onderwijs eindigt normaal gesproken na het jaar dat de respondent 12 wordt.
De enquêteurs krijgen dit gegeven om de respondent te helpen."
Personen in de Enquête Beroepsbevolking (EBB) met gegevens over hun opleiding(en).,EBBONDBLOKTAB,EbbOgeGMndBegin5,In welke maand bent u met de 5e opleiding of cursus begonnen?,"Het betreft een vragenlijstvariabele.

Vraagstelling:
In welk jaar bent u met die opleiding of cursus begonnen?
(Instructie: De <OP> werd 12 jaar op: [dd-mm-jj]
                Jaar einde vorige opleiding: [jj]).

Opmerking:
De enquêteurs krijgen als hulpinformatie het jaar te zien waarin de vorige opleiding is gestopt."
Personen in de Enquête Beroepsbevolking (EBB) met gegevens over hun opleiding(en).,EBBONDBLOKTAB,EbbOgeGMndEinde5,In welke maand bent u met de 5e opleiding of cursus gestopt?,"Het betreft een vragenlijstvariabele.

Vraagstelling:
In welke maand (heeft u het laatste examen afgelegd / bent u gestopt met de opleiding of cursus / zijn de lessen beëindigd / heeft u de opleiding afgesloten)?

Personen die minder dan 3 jaar geleden zijn begonnen aan deze opleiding wordt gevraagd naar de maand.

Afhankelijk van de voorafgaande beantwoording, wordt de vraagtekst aangepast aan de situatie van de respondent (of de persoon waarvoor hij/zij antwoordt bij proxy beantwoording)."
Personen in de Enquête Beroepsbevolking (EBB) met gegevens over hun opleiding(en).,EBBONDBLOKTAB,EbbOgeGEindeOpl8,In welk jaar bent u met de 8e opleiding of cursus gestopt?,"Het betreft een vragenlijstvariabele.

Vraagstelling:
En in welk jaar bent u daarmee opgehouden?
(Instructie: De <OP> werd 12 jaar op: [dd-mm-jj]).

Opmerking:
De eerstvolgende opleiding na het basis onderwijs eindigt normaal gesproken na het jaar dat de respondent 12 wordt.
De enquêteurs krijgen dit gegeven om de respondent te helpen."
Personen in de Enquête Beroepsbevolking (EBB) met gegevens over hun opleiding(en).,EBBONDBLOKTAB,EbbOgeGbeginOpl6,In welk jaar bent u met de 6e opleiding of cursus begonnen?,"Het betreft een vragenlijstvariabele.

Vraagstelling:
In welk jaar bent u met die opleiding of cursus begonnen?
(Instructie: De <OP> werd 12 jaar op: [dd-mm-jj]
                Jaar einde vorige opleiding: [jj]).

Opmerking:
De enquêteurs krijgen als hulpinformatie het jaar te zien waarin de vorige opleiding is gestopt."
Personen in de Enquête Beroepsbevolking (EBB) met gegevens over hun opleiding(en).,EBBONDBLOKTAB,EbbOgeGMndEinde7,In welke maand bent u met de 7e opleiding of cursus gestopt?,"Het betreft een vragenlijstvariabele.

Vraagstelling:
In welke maand (heeft u het laatste examen afgelegd / bent u gestopt met de opleiding of cursus / zijn de lessen beëindigd / heeft u de opleiding afgesloten)?

Personen die minder dan 3 jaar geleden zijn begonnen aan deze opleiding wordt gevraagd naar de maand.

Afhankelijk van de voorafgaande beantwoording, wordt de vraagtekst aangepast aan de situatie van de respondent (of de persoon waarvoor hij/zij antwoordt bij proxy beantwoording)."
Personen in de Enquête Beroepsbevolking (EBB) met gegevens over hun opleiding(en).,EBBONDBLOKTAB,EbbOgeGEindeOpl5,In welk jaar bent u met de 5e opleiding of cursus gestopt?,"Het betreft een vragenlijstvariabele.

Vraagstelling:
En in welk jaar bent u daarmee opgehouden?
(Instructie: De <OP> werd 12 jaar op: [dd-mm-jj]).

Opmerking:
De eerstvolgende opleiding na het basis onderwijs eindigt normaal gesproken na het jaar dat de respondent 12 wordt.
De enquêteurs krijgen dit gegeven om de respondent te helpen."
Personen in de Enquête Beroepsbevolking (EBB) met gegevens over hun opleiding(en).,EBBONDBLOKTAB,EbbOgeGEindeOpl4,In welk jaar bent u met de 4e opleiding of cursus gestopt?,"Het betreft een vragenlijstvariabele.

Vraagstelling:
En in welk jaar bent u daarmee opgehouden?
(Instructie: De <OP> werd 12 jaar op: [dd-mm-jj]).

Opmerking:
De eerstvolgende opleiding na het basis onderwijs eindigt normaal gesproken na het jaar dat de respondent 12 wordt.
De enquêteurs krijgen dit gegeven om de respondent te helpen."
Personen in de Enquête Beroepsbevolking (EBB) met gegevens over hun opleiding(en).,EBBONDBLOKTAB,EbbOgeGEindeOpl7,In welk jaar bent u met de 7e opleiding of cursus gestopt?,"Het betreft een vragenlijstvariabele.

Vraagstelling:
En in welk jaar bent u daarmee opgehouden?
(Instructie: De <OP> werd 12 jaar op: [dd-mm-jj]).

Opmerking:
De eerstvolgende opleiding na het basis onderwijs eindigt normaal gesproken na het jaar dat de respondent 12 wordt.
De enquêteurs krijgen dit gegeven om de respondent te helpen."
Personen in de Enquête Beroepsbevolking (EBB) met gegevens over hun opleiding(en).,EBBONDBLOKTAB,EbbOgeGMndEinde8,In welke maand bent u met de 8e opleiding of cursus gestopt?,"Het betreft een vragenlijstvariabele.

Vraagstelling:
In welke maand (heeft u het laatste examen afgelegd / bent u gestopt met de opleiding of cursus / zijn de lessen beëindigd / heeft u de opleiding afgesloten)?

Personen die minder dan 3 jaar geleden zijn begonnen aan deze opleiding wordt gevraagd naar de maand.

Afhankelijk van de voorafgaande beantwoording, wordt de vraagtekst aangepast aan de situatie van de respondent (of de persoon waarvoor hij/zij antwoordt bij proxy beantwoording)."
Personen in de Enquête Beroepsbevolking (EBB) met gegevens over hun opleiding(en).,EBBONDBLOKTAB,EbbOgeGEindeOpl6,In welk jaar bent u met de 6e opleiding of cursus gestopt?,"Het betreft een vragenlijstvariabele.

Vraagstelling:
En in welk jaar bent u daarmee opgehouden?
(Instructie: De <OP> werd 12 jaar op: [dd-mm-jj]).

Opmerking:
De eerstvolgende opleiding na het basis onderwijs eindigt normaal gesproken na het jaar dat de respondent 12 wordt.
De enquêteurs krijgen dit gegeven om de respondent te helpen."
Personen in de Enquête Beroepsbevolking (EBB) met gegevens over hun opleiding(en).,EBBONDBLOKTAB,EbbOgeGMndEinde4,In welke maand bent u met de 4e opleiding of cursus gestopt?,"Het betreft een vragenlijstvariabele.

Vraagstelling:
In welke maand (heeft u het laatste examen afgelegd / bent u gestopt met de opleiding of cursus / zijn de lessen beëindigd / heeft u de opleiding afgesloten)?

Personen die minder dan 3 jaar geleden zijn begonnen aan deze opleiding wordt gevraagd naar de maand.

Afhankelijk van de voorafgaande beantwoording, wordt de vraagtekst aangepast aan de situatie van de respondent (of de persoon waarvoor hij/zij antwoordt bij proxy beantwoording)."
Personen in de Enquête Beroepsbevolking (EBB) met gegevens over hun opleiding(en).,EBBONDBLOKTAB,EbbOgeGEindeOpl2,In welk jaar bent u met de 2e opleiding of cursus gestopt?,"Het betreft een vragenlijstvariabele.

Vraagstelling:
En in welk jaar bent u daarmee opgehouden?
(Instructie: De <OP> werd 12 jaar op: [dd-mm-jj]).

Opmerking:
De eerstvolgende opleiding na het basis onderwijs eindigt normaal gesproken na het jaar dat de respondent 12 wordt.
De enquêteurs krijgen dit gegeven om de respondent te helpen."
Personen in de Enquête Beroepsbevolking (EBB) met gegevens over hun opleiding(en).,EBBONDBLOKTAB,EbbOgeGMndBegin4,In welke maand bent u met de 4e opleiding of cursus begonnen?,"Het betreft een vragenlijstvariabele.

Vraagstelling:
In welk jaar bent u met die opleiding of cursus begonnen?
(Instructie: De <OP> werd 12 jaar op: [dd-mm-jj]
                Jaar einde vorige opleiding: [jj]).

Opmerking:
De enquêteurs krijgen als hulpinformatie het jaar te zien waarin de vorige opleiding is gestopt."
Personen in de Enquête Beroepsbevolking (EBB) met gegevens over hun opleiding(en).,EBBONDBLOKTAB,EbbOgeGbeginOpl7,In welk jaar bent u met de 7e opleiding of cursus begonnen?,"Het betreft een vragenlijstvariabele.

Vraagstelling:
In welk jaar bent u met die opleiding of cursus begonnen?
(Instructie: De <OP> werd 12 jaar op: [dd-mm-jj]
                Jaar einde vorige opleiding: [jj]).

Opmerking:
De enquêteurs krijgen als hulpinformatie het jaar te zien waarin de vorige opleiding is gestopt."
Personen in de Enquête Beroepsbevolking (EBB) met gegevens over hun opleiding(en).,EBBONDBLOKTAB,EbbOgeGbeginOpl3,In welk jaar bent u met de 3e opleiding of cursus begonnen?,"Het betreft een vragenlijstvariabele.

Vraagstelling:
In welk jaar bent u met die opleiding of cursus begonnen?
(Instructie: De <OP> werd 12 jaar op: [dd-mm-jj]
                Jaar einde vorige opleiding: [jj]).

Opmerking:
De enquêteurs krijgen als hulpinformatie het jaar te zien waarin de vorige opleiding is gestopt."
Personen in de Enquête Beroepsbevolking (EBB) met gegevens over hun opleiding(en).,EBBONDBLOKTAB,EbbOgeGbeginOpl1,In welk jaar bent u met de 1e opleiding of cursus begonnen?,"Het betreft een vragenlijstvariabele.

Vraagstelling:
In welk jaar bent u met die opleiding of cursus begonnen?
(Instructie: De <OP> werd 12 jaar op: [dd-mm-jj]).

Opmerking:
De eerstvolgende opleiding na het basisonderwijs begint normaal gesproken in het jaar dat de respondent 12 wordt.
De enquêteurs krijgen dit gegeven om de respondent te helpen."
Personen in de Enquête Beroepsbevolking (EBB) met gegevens over hun opleiding(en).,EBBONDBLOKTAB,EbbOgeGbeginOpl4,In welk jaar bent u met de 4e opleiding of cursus begonnen?,"Het betreft een vragenlijstvariabele.

Vraagstelling:
In welk jaar bent u met die opleiding of cursus begonnen?
(Instructie: De <OP> werd 12 jaar op: [dd-mm-jj]
                Jaar einde vorige opleiding: [jj]).

Opmerking:
De enquêteurs krijgen als hulpinformatie het jaar te zien waarin de vorige opleiding is gestopt."
Personen in de Enquête Beroepsbevolking (EBB) met gegevens over hun opleiding(en).,EBBONDBLOKTAB,EbbOgeGEindeOpl3,In welk jaar bent u met de 3e opleiding of cursus gestopt?,"Het betreft een vragenlijstvariabele.

Vraagstelling:
En in welk jaar bent u daarmee opgehouden?
(Instructie: De <OP> werd 12 jaar op: [dd-mm-jj]).

Opmerking:
De eerstvolgende opleiding na het basis onderwijs eindigt normaal gesproken na het jaar dat de respondent 12 wordt.
De enquêteurs krijgen dit gegeven om de respondent te helpen."
Personen in de Enquête Beroepsbevolking (EBB) met gegevens over hun opleiding(en).,EBBONDBLOKTAB,EbbOgeGMndEinde3,In welke maand bent u met de 3e opleiding of cursus gestopt?,"Het betreft een vragenlijstvariabele.

Vraagstelling:
In welke maand (heeft u het laatste examen afgelegd / bent u gestopt met de opleiding of cursus / zijn de lessen beëindigd / heeft u de opleiding afgesloten)?

Personen die minder dan 3 jaar geleden zijn begonnen aan deze opleiding wordt gevraagd naar de maand.

Afhankelijk van de voorafgaande beantwoording, wordt de vraagtekst aangepast aan de situatie van de respondent (of de persoon waarvoor hij/zij antwoordt bij proxy beantwoording)."
Personen in de Enquête Beroepsbevolking (EBB) met gegevens over hun opleiding(en).,EBBONDBLOKTAB,EbbOgeGbeginOpl5,In welk jaar bent u met de 5e opleiding of cursus begonnen?,"Het betreft een vragenlijstvariabele.

Vraagstelling:
In welk jaar bent u met die opleiding of cursus begonnen?
(Instructie: De <OP> werd 12 jaar op: [dd-mm-jj]
                Jaar einde vorige opleiding: [jj]).

Opmerking:
De enquêteurs krijgen als hulpinformatie het jaar te zien waarin de vorige opleiding is gestopt."
Personen in de Enquête Beroepsbevolking (EBB) met gegevens over actueel en gevolgd onderwijs.,EBBONDTAB,EbbOgeGMndEinde,Maand einde opleiding/cursus,"Het betreft een vragenlijstvariabele.

Vraagstelling:
In welke maand (heeft u het laatste examen afgelegd/bent u gestopt met de opleiding/zijn de lessen beëindigd/heeft u de opleiding afgesloten)?
Instructie: afronden stage/scriptie telt ook als examen afleggen.

Personen die in de vorige peiling een opleiding volgenden en in de huidig peiling deze opleiding niet meer volgen wordt gevraagd naar de maand waarin ze zijn gestopt."
Personen in de Enquête Beroepsbevolking (EBB) met gegevens over actueel en gevolgd onderwijs.,EBBONDTAB,EbbOgeMndBeginB,Maand waarin een persoon gestart is met de buitenlandse opleiding,"Het betreft een vragenlijstvariabele.

Vraagstelling:
En in welke maand ?

Personen die minder dan 3 jaar geleden zijn begonnen aan deze opleiding worden gevraagd naar de maand."
Personen in de Enquête Beroepsbevolking (EBB) met gegevens over actueel en gevolgd onderwijs.,EBBONDTAB,EbbOacAanvang,In welk jaar bent u met deze (huidige) opleiding/cursus begonnen?,"Het betreft een vragenlijstvariabele.

Vraagstelling:
In welk jaar bent u met deze opleiding begonnen ?

Personen die hebben aangegeven dat ze een opleiding volgen op het moment van de enquête krijgen de vraag naar het jaar waarin ze zijn begonnen."
Personen in de Enquête Beroepsbevolking (EBB) met gegevens over actueel en gevolgd onderwijs.,EBBONDTAB,SLEUTELEBB,sleutel EBB,"De EBB-sleutel = Enquetedatum in Enquete Beroepsbevolking (EBB).

De Enquete Beroepsbevolking (EBB) is een zogenaamd roterend panelonderzoek. Respondenten worden in totaal vijf maal benaderd voor de Enquete beroepsbevolking. Dit betekent dat een persoon in principe maximaal 4 maal per jaar kan zijn opgenomen. Omdat echter een persoon gedurende een jaar van huishouden kan wisselen, komt het voor dat een persoon meer dan 4 enquetedatums in een jaar bestand heeft.

Opmerking:
De laatste dagen van het jaar voorafgaande aan het verslagjaar alsmede de eerst dagen van het volgende jaar kunnen tot het huidige verslagjaar worden gerekend."
Personen in de Enquête Beroepsbevolking (EBB) met gegevens over actueel en gevolgd onderwijs.,EBBONDTAB,EbbOacMndBegin,In welke maand bent u met deze (huidige) opleiding/cursus begonnen?,"Het betreft een vragenlijstvariabele.

Vraagstelling:
En in welke maand ?

Personen die op de vraag EbbOacAanvang hebben aangegeven dat ze minder dan 3 jaar geleden zijn begonnen met de opleiding worden ook gevraagd naar de maand."
Personen in de Enquête Beroepsbevolking (EBB) met gegevens over actueel en gevolgd onderwijs.,EBBONDTAB,EbbOgeMndEindeB,Maand waarin een persoon gestopt is met de buitenlandse opleiding,"Het betreft een vragenlijstvariabele.

Vraagstelling:
In welke maand (heeft u het laatste examen afgelegd/bent u gestopt met de opleiding of cursus/zijn de lessen beëindigd/ heeft u de opleiding afgesloten)?
Instructie: afronden stage/scriptie telt ook als examen afleggen.

Personen die minder dan 3 jaar geleden zijn gestopt met hun buitenlandse opleiding worden gevraagd naar de maand."
Personen in de Enquête Beroepsbevolking (EBB) met gegevens over actueel en gevolgd onderwijs.,EBBONDTAB,EbbOgeBeginOplB,Jaar waarin een persoon gestart is met de buitenlandse opleiding,"Het betreft een vragenlijstvariabele.

Vraagstelling:
In welk jaar bent u met die opleiding of cursus begonnen?
Instructie: de OP werd 12 jaar op: <dd-mm-jj>.

Alleen personen met een buitenlandse opleiding en jonger dan 37 jaar krijgen deze vraag."
Personen in de Enquête Beroepsbevolking (EBB) met gegevens over actueel en gevolgd onderwijs.,EBBONDTAB,EbbOgeEindeOplB,Jaar waarin een persoon gestopt is met de buitenlandse opleiding,"Het betreft een vragenlijstvariabele.

Vraagstelling:
En in welk jaar bent u daarmee opgehouden?
Instructie: de OP werd 12 jaar op: <dd-mm-jj>.

Alleen personen met een buitenlandse opleiding en jonger dan 37 jaar krijgen deze vraag."
Personen in de Enquête Beroepsbevolking met gegevens over hun opleiding.,EBBOPLTAB,SLEUTELEBB,sleutel EBB,"De EBB-sleutel = Enquêtedatum in Enquête Beroepsbevolking (EBB). 

De Enquête Beroepsbevolking (EBB) een zogenaamd roterend panelonderzoek. Respondenten worden in totaal vijf maal benaderd voor de Enquête Beroepsbevolking. Dit betekend dat een persoon in principe maximaal 4 maal per jaar kan zijn opgenomen. Omdat echter een persoon gedurende een jaar van huishouden kan wisselen komt het voordat persoon meer dan 4 enquêtedatums in een jaar bestand heeft.
Opmerking:
De laatste dagen van het jaar voorafgaande aan het verslagjaar alsmede de eerst dagen van het volgende jaar kunnen tot het huidige verslagjaar worden gerekend."
Personen in de Enquete Beroepsbevolking met hun partner,EBBPARTNERTAB,SleutelEbbPartner,Sleutel EBB partner,"De EBB-sleutel = Enquetedatum in Enquete Beroepsbevolking (EBB). 

De Enquete Beroepsbevolking (EBB) een zogenaamd roterend panelonderzoek. Respondenten worden in totaal vijf maal benaderd voor de Enquete beroepsbevolking. Dit betekend dat een persoon in principe maximaal 4 maal per jaar kan zijn opgenomen. Omdat echter een personen gedurend 
een jaar van huishouden kan wisselen komt het voordat persoon meer dan 4 enquetedatums in een jaar bestand heeft.

Opmerking:
De laatste dagen van het jaar voorafgaande aan het verslagjaar alsmede de eerst dagen van het volgende jaar kunnen tot het huidige verslagjaar worden gerekenend."
Personen in de Enquete Beroepsbevolking met hun partner,EBBPARTNERTAB,SLEUTELEBB,sleutel EBB,"De EBB-sleutel = Enquetedatum in Enquete Beroepsbevolking (EBB). 

De Enquete Beroepsbevolking (EBB) een zogenaamd roterend panelonderzoek. Respondenten worden in totaal vijf maal benaderd voor de Enquete beroepsbevolking. Dit betekend dat een persoon in principe maximaal 4 maal per jaar kan zijn opgenomen. Omdat echter een personen gedurend 
een jaar van huishouden kan wisselen komt het voordat persoon meer dan 4 enquetedatums in een jaar bestand heeft.

Opmerking:
De laatste dagen van het jaar voorafgaande aan het verslagjaar alsmede de eerst dagen van het volgende jaar kunnen tot het huidige verslagjaar worden gerekenend."
"Personen in de Enquête Beroepsbevolking met gegevens over zoekgedrag, overwerk, duurwerk en bedrijfsomvang",EBBVRGTAB,SLEUTELEBB,sleutel EBB,"De EBB-sleutel = Enquetedatum in Enquete Beroepsbevolking (EBB). 

De Enquete Beroepsbevolking (EBB) een zogenaamd roterend panelonderzoek. Respondenten worden in totaal vijf maal benaderd voor de Enquete beroepsbevolking. Dit betekend dat een persoon in principe maximaal 4 maal per jaar kan zijn opgenomen. Omdat echter een personen gedurend 
een jaar van huishouden kan wisselen komt het voordat persoon meer dan 4 enquetedatums in een jaar bestand heeft.

Opmerking:
De laatste dagen van het jaar voorafgaande aan het verslagjaar alsmede de eerst dagen van het volgende jaar kunnen tot het huidige verslagjaar worden gerekenend."
Personen in de Enquête Beroepsbevolking met gegevens over verlies van werk,EBBWWZTAB,SLEUTELEBB,sleutel EBB,"De EBB-sleutel = Enquêtedatum in Enquête Beroepsbevolking (EBB). 

De Enquête Beroepsbevolking (EBB) is een zogenaamd roterend panelonderzoek. Respondenten worden in totaal vijfmaal (één keer per kwartaal) benaderd voor de Enquête beroepsbevolking. Dit betekent dat een persoon in principe maximaal 4 maal per jaar kan zijn opgenomen. Omdat een persoon echter gedurende een jaar van huishouden kan wisselen, komt het voor dat een persoon meer dan 4 enquêtedatums in een jaarbestand heeft.

Opmerking:
De laatste dagen van het jaar voorafgaand aan het verslagjaar, alsmede de eerste dagen van het volgende jaar, kunnen tot het huidige verslagjaar worden gerekend."
Personen in de Enquête Beroepsbevolking met gegevens over verlies van werk,EBBWWZTAB,SLEUTELEBB,sleutel EBB,"De EBB-sleutel = Enquêtedatum in Enquête Beroepsbevolking (EBB). 

De Enquête Beroepsbevolking (EBB) is een zogenaamd roterend panelonderzoek. Respondenten worden in totaal vijf maal (één keer per kwartaal) benaderd voor de Enquête beroepsbevolking. Dit betekent dat een persoon in principe maximaal 4 maal per jaar kan zijn opgenomen. Omdateen persoon echter gedurende 
een jaar van huishouden kan wisselen, komt het voor dat een persoon meer dan 4 enquêtedatums in een jaarbestand heeft.

Opmerking:
De laatste dagen van het jaar voorafgaand aan het verslagjaar, alsmede de eerste dagen van het volgende jaar, kunnen tot het huidige verslagjaar worden gerekenend."
Personen in de Enquête Beroepsbevolking met gegevens over verlies van werk,EBBWWZTAB,SLEUTELEBB,sleutel EBB,"De EBB-sleutel = Enquêtedatum in Enquête Beroepsbevolking (EBB). 

De Enquête Beroepsbevolking (EBB) is een zogenaamd roterend panelonderzoek. Respondenten worden in totaal vijf maal (één keer per kwartaal) benaderd voor de Enquête beroepsbevolking. Dit betekent dat een persoon in principe maximaal 4 maal per jaar kan zijn opgenomen. Omdateen persoon echter gedurende een jaar van huishouden kan wisselen, komt het voor dat een persoon meer dan 4 enquêtedatums in een jaarbestand heeft.

Opmerking:
De laatste dagen van het jaar voorafgaand aan het verslagjaar, alsmede de eerste dagen van het volgende jaar, kunnen tot het huidige verslagjaar worden gerekenend."
Eigen bijdrage Wet Langdurige zorg (Wlz) van personen van 18 jaar of ouder,EBWLZBUS,EBWLZBEGIN,Begin eigen bijdrage voor Wlz zorg,"De eerste dag van een tijdvak waarin de eigen bijdrage gefactureerd wordt en waarin gebruik gemaakt wordt van een Wlz zorg binnen de lage eigen bijdrage- hoge eigen bijdrage (LEBHEB)-systematiek. Als de zorg voor het verslagjaar begonnen is, is de eerste dag van het huidige verslagjaar als EBWLZBEGIN gerapporteerd."
Eigen bijdrage Wet Langdurige zorg (Wlz) van personen van 18 jaar of ouder,EBWLZBUS,EBWLZEIND,Eind eigen bijdrage voor Wlz zorg,"De laatste dag van een tijdvak waarin de eigen bijdrage gefactureerd wordt en waarin gebruik gemaakt wordt van een Wlz zorg binnen de lage eigen bijdrage- hoge eigen bijdrage (LEBHEB)-systematiek. Als de zorg doorloopt in het volgende verslagjaar, dan is de laatste dag van het huidige verslagjaar als EBWLZEIND gerapporteerd."
Eigen bijdrage Wet maatschappelijke ondersteuning (Wmo) zorg met verblijf van personen 18 jaar en ouder,EBWMOVBLBUS,EBWMOVBLBEGIN,Begin eigen bijdrage voor Wmo zorg met verblijf,"De eerste dag van een tijdvak waarin de eigen bijdrage gefactureerd wordt en waarin gebruik gemaakt wordt van een Wmo zorg met verblijf binnen de lage eigen bijdrage- hoge eigen bijdrage (LEBHEB)-systematiek. Als de zorg voor het verslagjaar begonnen is, is de eerste dag van het huidige verslagjaar als EBWMOVBLBEGIN gerapporteerd."
Eigen bijdrage Wet maatschappelijke ondersteuning (Wmo) zorg met verblijf van personen 18 jaar en ouder,EBWMOVBLBUS,EBWMOVBLEIND,Eind eigen bijdrage voor Wmo zorg met verblijf,"De laatste dag van een tijdvak waarin de eigen bijdrage gefactureerd wordt en waarin gebruik gemaakt wordt van een Wmo zorg met verblijf binnen de lage eigen bijdrage- hoge eigen bijdrage (LEBHEB)-systematiek. Als de zorg doorloopt in het volgende verslagjaar, dan is de laatste dag van het huidige verslagjaar als EBWMOVBLEIND gerapporteerd."
European Union- Statistics on Income and Living Conditions (EU-SILC) bevat gegevens over inkomen en sociale uitsluiting_inclRIN.,EUSILC,SILAFLPE030,Year when highest level of inducation was attained,Dit betreft een variabele die speciaal is afgeleid voor Eurostat.
European Union- Statistics on Income and Living Conditions (EU-SILC) bevat gegevens over inkomen en sociale uitsluiting_inclRIN.,EUSILC,SILAFLRB031,Year of immigration,Dit betreft een variabele die speciaal is afgeleid voor Eurostat.
European Union- Statistics on Income and Living Conditions (EU-SILC) bevat gegevens over inkomen en sociale uitsluiting_inclRIN.,EUSILC,SILAFLRB080,Year of birth,Dit betreft een variabele die speciaal is afgeleid voor Eurostat.
European Union- Statistics on Income and Living Conditions (EU-SILC) bevat gegevens over inkomen en sociale uitsluiting_inclRIN.,EUSILC2013_INCLRIN,SILAFLRB080,Year of birth,Dit betreft een variabele die speciaal is afgeleid voor Eurostat.
European Union- Statistics on Income and Living Conditions (EU-SILC) bevat gegevens over inkomen en sociale uitsluiting_inclRIN.,EUSILC2013_INCLRIN,SILAFLPE030,Year when highest level of inducation was attained,Dit betreft een variabele die speciaal is afgeleid voor Eurostat.
European Union- Statistics on Income and Living Conditions (EU-SILC) bevat gegevens over inkomen en sociale uitsluiting_inclRIN.,EUSILC2013_INCLRIN,SILAFLRB031,Year of immigration,Dit betreft een variabele die speciaal is afgeleid voor Eurostat.
European Union- Statistics on Income and Living Conditions (EU-SILC) bevat gegevens over inkomen en sociale uitsluiting_inclRIN.,EUSILC2014_INCLRIN,SILAFLRB080,Year of birth,Dit betreft een variabele die speciaal is afgeleid voor Eurostat.
European Union- Statistics on Income and Living Conditions (EU-SILC) bevat gegevens over inkomen en sociale uitsluiting_inclRIN.,EUSILC2014_INCLRIN,SILAFLPE030,Year when highest level of inducation was attained,Dit betreft een variabele die speciaal is afgeleid voor Eurostat.
European Union- Statistics on Income and Living Conditions (EU-SILC) bevat gegevens over inkomen en sociale uitsluiting_inclRIN.,EUSILC2014_INCLRIN,SILAFLRB031,Year of immigration,Dit betreft een variabele die speciaal is afgeleid voor Eurostat.
"Kenmerken van behaalde diploma's bij een onderwijsinstelling in het VO die wordt bekostigd door het ministerie van Onderwijs, Cultuur en Wetenschappen (OCW)",EXAMVOJJJJINT,ExamPeilVO,PEILDATUM VAN DE EXAMENS (20061001),De peildatum is 1-10 van het desbetreffende jaar
Woonbase Extra Populatie Personen Aandachtsgroepen RNI,EXTRAPOPULATIEPERSONENAANDACHTSGROEPENRNI,GBAGeboortejaar31Mrt,Geboortejaar geldig aan het einde van het eerste kwartaal,Geboortejaar zoals vastgelegd in de gemeentelijke bevolkingsregisters.
Woonbase Extra Populatie Personen Aandachtsgroepen RNI,EXTRAPOPULATIEPERSONENAANDACHTSGROEPENRNI,GBAGeboortejaar31Dec,Geboortejaar geldig aan het einde van het jaar,Geboortejaar zoals vastgelegd in de gemeentelijke bevolkingsregisters.
Woonbase Extra Populatie Personen Aandachtsgroepen RNI,EXTRAPOPULATIEPERSONENAANDACHTSGROEPENRNI,GBAGeboortejaar30Sep,Geboortejaar geldig aan het einde van het derde kwartaal,Geboortejaar zoals vastgelegd in de gemeentelijke bevolkingsregisters.
Woonbase Extra Populatie Personen Aandachtsgroepen RNI,EXTRAPOPULATIEPERSONENAANDACHTSGROEPENRNI,GBAGeboortejaar30Jun,Geboortejaar geldig aan het einde van het tweede kwartaal,Geboortejaar zoals vastgelegd in de gemeentelijke bevolkingsregisters.
Woonbase Extra Populatie Personen Aandachtsgroepen RNI,EXTRAPOPULATIEPERSONENAANDACHTSGROEPENRNI,GBAGeboortejaar1Jan,Geboortejaar geldig aan het begin van het jaar,Geboortejaar zoals vastgelegd in de gemeentelijke bevolkingsregisters.
Baanbeëindigingen wegens faillissement,FAILONTSLAGTAB,UITSPRFAILONTSLAG,Datum uitspraak faillissement van bedrijven met banen in het SSB,"De datum waarop de uitspraak van het faillissement door de rechtbank heeft plaatsgevonden.

De uitgesproken faillissementen kunnen later worden vernietigd. Hiervoor wordt niet gecorrigeerd.
Dit komt echter maar weinig voor: het blijkt in de loop der jaren in zo’n 3 à 4 procent van de gevallen te gebeuren.
Alleen uitspraakgegevens die betrekking hebben op beeindigde banen in het SSB (in het betreffende jaar) zijn hier opgenomen."
Adreskenmerken van personen die in het Registratie Niet-Ingezetenen (RNI) onderdeel van de gemeentelijke bevolkingsregisters ingeschreven (hebben ge)staan,GBAADRESBUITENLANDBUS,GBADATUMAANVANGADRESBUITENLAND,Aanvangsdatum buitenlands adres persoon JJJJMMDD,"Datum zoals vastgelegd in de gemeentelijke bevolkingsregisters.

Een persoon in de RNI die een buitenlands adres heeft of zich vestigt op een buitenlands adres of van wie het adres in het buitenland wijzigt heeft als gebeurtenisdatum GBADATUMAANVANGADRESBUITENLAND."
Adreskenmerken van personen die in het Registratie Niet-Ingezetenen (RNI) onderdeel van de gemeentelijke bevolkingsregisters ingeschreven (hebben ge)staan,GBAADRESBUITENLANDBUS,GBADATUMEINDEADRESBUITENLAND,Beëindigingsdatum buitenlands adres persoon JJJJMMDD,"Datum zoals vastgelegd in de gemeentelijke bevolkingsregisters.

Als een persoon in de RNI die overlijdt of zich vestigt op een volgend buitenlands adres of ingezetene van Nederland wordt (bijvoorbeeld door immigratie), krijgt een nieuwe gebeurtenisdatum GBADATUMEINDEADRESBUITENLAND. 

Een persoon waarvan de periode van verblijf in het buitenland nog voortduurt heeft als GBADATUMEINDEADRESBUITENLAND de waarde '20501231'"
Kenmerken van verhuizingen binnen Nederland van personen die in de Gemeentelijke Basisadministratie Persoonsgegevens (GBA) ingeschreven staan.,GBAADRESGEBEURTENISBUS,GBADATUMEINDEADRES,Datum van de dag voorafgaand aan de volgende verhuizing,Het betreft hier een hulpvariabele die gebruikt kan worden om de bewoningsperiode van het adres af te sluiten.
Adreskenmerken van personen die in de gemeentelijke bevolkingsregisters ingeschreven (hebben ge)staan,GBAADRESOBJECTBUS,GBADATUMEINDEADRESHOUDING,Datum beeïndiging adresbewoning persoon,Datum zoals vastgelegd in de gemeentelijke bevolkingsregisters.
Adreskenmerken van personen die in de gemeentelijke bevolkingsregisters ingeschreven (hebben ge)staan,GBAADRESOBJECTBUS,GBADATUMAANVANGADRESHOUDING,Datum aanvang adresbewoning persoon,Datum zoals vastgelegd in de gemeentelijke bevolkingsregisters.
Burgerlijke staat van in de Gemeentelijke Basisadministratie Persoonsgegevens (GBA) opgenomen personen,GBABURGERLIJKESTAATBUS,GBAAANVANGBURGERLIJKESTAAT,Datum waarop een burgerlijke staat van de persoon is ingegaan.,"Betreft de datum zoals vastgelegd in de Gemeentelijke Basis Administratie (GBA).
Burgerlijke staat: Formele positie van een persoon waarbij wordt verwezen naar het huwelijk en het geregistreerd partnerschap.
Huwelijk: Wettelijke verbintenis tot het samenleven van twee personen. Sinds april 2001 staat het huwelijk ook open voor personen van hetzelfde geslacht.
Geregistreerd partnerschap: Een op het huwelijk lijkende relatie tussen twee personen van gelijk of van verschillend geslacht, vastgelegd in een akte van de Burgerlijke Stand. Per 1 januari 1998 is in Nederland het geregistreerd partnerschap ingevoerd."
Burgerlijke staat van in de Gemeentelijke Basisadministratie Persoonsgegevens (GBA) opgenomen personen,GBABURGERLIJKESTAATBUS,GBAEINDEBURGERLIJKESTAAT,Datum waarop een burgerlijke staat van de persoon is beëindigd.,"Betreft de datum zoals vastgelegd in de Gemeentelijke Basis Administratie (GBA).
Burgerlijke staat: Formele positie van een persoon waarbij wordt verwezen naar het huwelijk en het geregistreerd partnerschap.
Huwelijk: Wettelijke verbintenis tot het samenleven van twee personen. Sinds april 2001 staat het huwelijk ook open voor personen van hetzelfde geslacht.
Geregistreerd partnerschap: Een op het huwelijk lijkende relatie tussen twee personen van gelijk of van verschillend geslacht, vastgelegd in een akte van de Burgerlijke Stand. Per 1 januari 1998 is in Nederland het geregistreerd partnerschap ingevoerd."
Burgerlijke staat van in de Gemeentelijke Basisadministratie Persoonsgegevens (GBA) opgenomen personen,GBABURGERLIJKESTAATBUS,GBAGEBOORTEJAARPARTNER,Geboortejaar partner,Geboortejaar van de partner van een persoon zoals vastgelegd in de Gemeentelijk Basisadministratie Persoonsgegevens (GBA).
Burgerlijke staat van in de Gemeentelijke Basisadministratie Persoonsgegevens (GBA) opgenomen personen,GBABURGERLIJKESTAATBUS,GBAGEBOORTEMAANDPARTNER,Geboortemaand partner,Geboortemaand van de partner van een persoon zoals vastgelegd in de Gemeentelijk Basisadministratie Persoonsgegevens (GBA).
Burgerlijke staat van in de Gemeentelijke Basisadministratie Persoonsgegevens (GBA) opgenomen personen,GBABURGERLIJKESTAATBUS,GBAGEBOORTEDAGPARTNER,Geboortedag partner,Geboortedag van de partner van een persoon zoals vastgelegd in de Gemeentelijk Basisadministratie Persoonsgegevens (GBA).
Burgerlijke staat van in de Gemeentelijke Basisadministratie Persoonsgegevens (GBA) opgenomen personen,GBABURGERLIJKESTAATBUS,GBAGEBOORTEDAGPARTNER,Geboortedag partner,Geboortedag van de partner van een persoon zoals vastgelegd in de Basisregistratie Personen (BRP).
Burgerlijke staat van in de Gemeentelijke Basisadministratie Persoonsgegevens (GBA) opgenomen personen,GBABURGERLIJKESTAATBUS,GBAEINDEBURGERLIJKESTAAT,Datum waarop een burgerlijke staat van de persoon is beëindigd.,"Betreft de datum zoals vastgelegd in de Basisregistratie Personen (BRP).
Burgerlijke staat: Formele positie van een persoon waarbij wordt verwezen naar het huwelijk en het geregistreerd partnerschap.
Huwelijk: Wettelijke verbintenis tot het samenleven van twee personen. Sinds april 2001 staat het huwelijk ook open voor personen van hetzelfde geslacht.
Geregistreerd partnerschap: Een op het huwelijk lijkende relatie tussen twee personen van gelijk of van verschillend geslacht, vastgelegd in een akte van de Burgerlijke Stand. Per 1 januari 1998 is in Nederland het geregistreerd partnerschap ingevoerd."
Burgerlijke staat van in de Gemeentelijke Basisadministratie Persoonsgegevens (GBA) opgenomen personen,GBABURGERLIJKESTAATBUS,GBAAANVANGBURGERLIJKESTAAT,Datum waarop een burgerlijke staat van de persoon is ingegaan.,"Betreft de datum zoals vastgelegd in de Basisregistratie Personen (BRP).
Burgerlijke staat: Formele positie van een persoon waarbij wordt verwezen naar het huwelijk en het geregistreerd partnerschap.
Huwelijk: Wettelijke verbintenis tot het samenleven van twee personen. Sinds april 2001 staat het huwelijk ook open voor personen van hetzelfde geslacht.
Geregistreerd partnerschap: Een op het huwelijk lijkende relatie tussen twee personen van gelijk of van verschillend geslacht, vastgelegd in een akte van de Burgerlijke Stand. Per 1 januari 1998 is in Nederland het geregistreerd partnerschap ingevoerd."
Burgerlijke staat van in de Gemeentelijke Basisadministratie Persoonsgegevens (GBA) opgenomen personen,GBABURGERLIJKESTAATBUS,GBAGEBOORTEJAARPARTNER,Geboortejaar partner,Geboortejaar van de partner van een persoon zoals vastgelegd in de Basisregistratie Personen (BRP).
Burgerlijke staat van in de Gemeentelijke Basisadministratie Persoonsgegevens (GBA) opgenomen personen,GBABURGERLIJKESTAATBUS,GBAGEBOORTEMAANDPARTNER,Geboortemaand partner,Geboortemaand van de partner van een persoon zoals vastgelegd in de Basisregistratie Personen (BRP).
Huishoudenskenmerken van in de Gemeentelijke Basisadministratie Persoonsgegevens (GBA) ingeschreven personen,GBAHUISHOUDENSBUS,DATUMEINDEHH,Beëindigingsdatum van het huishouden.,"Einddatum van een huishouden met een bepaalde samenstelling waartoe de persoon behoord heeft. Als een huishouden van samenstelling verandert OF in zijn geheel een ander adres krijgt, wordt bij het voorgaande huishouden een einddatum ingevuld. Gelijktijdig wordt een nieuw record aangemaakt met een nieuwe begindatum van het (nieuwe) huishouden. Eén persoon kan dus meerdere einddata hebben."
Huishoudenskenmerken van in de Gemeentelijke Basisadministratie Persoonsgegevens (GBA) ingeschreven personen,GBAHUISHOUDENSBUS,GEBJAAROUDSTEKINDHH,Geboortejaar oudste thuiswonend kind in het huishouden.,Thuiswonend kind: Persoon ongeacht leeftijd of burgerlijke staat die een kind-ouder relatie heeft met één of twee tot het particuliere huishouden behorende ouders. Onder thuiswonende kinderen worden ook begrepen adoptie- en stiefkinderen maar geen pleegkinderen.
Huishoudenskenmerken van in de Gemeentelijke Basisadministratie Persoonsgegevens (GBA) ingeschreven personen,GBAHUISHOUDENSBUS,DATUMAANVANGHH,Aanvangsdatum van het huishouden.,"Begindatum van een huishouden met een bepaalde samenstelling waartoe een persoon behoort of behoord heeft. Deze variabele identificeert samen met het Huishouden-id (HUISHOUDNR) een huishouden. 
Als een huishouden van samenstelling verandert OF in zijn geheel een ander adres krijgt, wordt bij het voorgaande huishouden een einddatum ingevuld. Gelijktijdig wordt een nieuw record aangemaakt met een nieuwe begindatum van het (nieuwe) huishouden. Eén persoon kan dus meerdere begindata hebben."
Huishoudenskenmerken van in de Gemeentelijke Basisadministratie Persoonsgegevens (GBA) ingeschreven personen,GBAHUISHOUDENSBUS,GEBJAARJONGSTEKINDHH,Geboortejaar jongste thuiswonend kind in het huishouden.,Thuiswonend kind: Persoon ongeacht leeftijd of burgerlijke staat die een kind-ouder relatie heeft met één of twee tot het particuliere huishouden behorende ouders. Onder thuiswonende kinderen worden ook begrepen adoptie- en stiefkinderen maar geen pleegkinderen.
Kenmerken van kinderen van in de Basisregistratie Persoonsgegevens (BRP) ingeschreven personen,GBAKINDBUS,GBADatumAanvangOuderschapssituatie,Aanvangsdatum van de ouderschapssituatie,Begindatum van een ouderschapssituatie van de persoon..
Kenmerken van kinderen van in de Basisregistratie Persoonsgegevens (BRP) ingeschreven personen,GBAKINDBUS,GBADatumEindeOuderschapssituatie,Beëindigingsdatum van de ouderschapssituatie,Einddatum van een ouderschapssituatie van de persoon.
Kenmerken van kinderen van in de Basisregistratie Persoonsgegevens (BRP) ingeschreven personen,GBAKINDBUS,GEBOORTEDATUMJONGSTEKIND,Geboortedatum van het  jongste kind van een persoon,"De geboortedatum van het jongste kind van een persoon binnen de opgegeven geldigheidsperiode bepaald door GBADatumAanvangOuderschapssituatie en GBADatumEindeOuderschapssituatie

De geboortedatum van een persoon zoals vastgelegd in de gemeentelijke bevolkingsregisters"
Kenmerken van kinderen van in de Basisregistratie Persoonsgegevens (BRP) ingeschreven personen,GBAKINDBUS,GEBOORTEDATUMOUDSTEKIND,Geboortedatum oudste kind van een persoon,"De geboortedatum van het oudste kind van een persoon binnen de opgegeven geldigheidsperiode bepaald door GBADatumAanvangOuderschapssituatie en GBADatumEindeOuderschapssituatie

De geboortedatum van een persoon zoals vastgelegd in de gemeentelijke bevolkingsregisters"
"Migratiekenmerken van personen die in de Gemeentelijke Basisadministratie Persoonsgegevens (GBA) ingeschreven staan, gecoördineerd",GBAMIGRATIEBUS,AANVANGMIGRATIEDATUM,Datum waarop migratieperiode is begonnen.,Datum zoals vastgelegd in de GBA. Een persoon die immigreert (of administratief wordt opgenomen) heeft de immigratiedatum als AANVANGMIGRATIEDATUM. Mocht deze persoon emigreren (of administratief worden afgevoerd) dan wordt de EINDEMIGRATIEDATUM van deze immigratie gevuld met de emigratiedatum. In alle andere gevallen staat deze datum op 88888888 (want niet beeindigd). Een persoon die voor de eerste maal emigreert (of administratief worden afgevoerd) zonder eerder te zijn geimmigreerd heeft als AANVANGMIGRATIEDATUM de datum van emigratie.
"Migratiekenmerken van personen die in de Gemeentelijke Basisadministratie Persoonsgegevens (GBA) ingeschreven staan, gecoördineerd",GBAMIGRATIEBUS,EINDEMIGRATIEDATUM,Datum waarop migratieperiode is beëindigd.,"Dit is het geval als de persoon een nieuwe migratiebeweging maakt. 
Datum zoals vastgelegd in de GBA. Een persoon die immigreert (of administratief wordt opgenomen) heeft de immigratiedatum als AANVANGMIGRATIEDATUM. Mocht deze persoon emigreren (of administratief worden afgevoerd) dan wordt de EINDEMIGRATIEDATUM van deze immigratie gevuld met de emigratiedatum. In alle andere gevallen staat deze datum op 88888888 (want niet beëindigd).
Een persoon die voor de eerste maal emigreert (of administratief worden afgevoerd) zonder eerder te zijn geïmmigreerd heeft als AANVANGMIGRATIEDATUM de datum van emigratie."
"Migratiekenmerken van personen die in de Gemeentelijke Basisadministratie Persoonsgegevens (GBA) ingeschreven staan, gecoördineerd",GBAMIGRATIEBUS,AANVANGMIGRATIEDATUM,Datum waarop migratieperiode is begonnen.,Datum zoals vastgelegd in de GBA. Een persoon die immigreert (of administratief wordt opgenomen) heeft de immigratiedatum als AANVANGMIGRATIEDATUM. Mocht deze persoon emigreren (of administratief worden afgevoerd) dan wordt de EINDEMIGRATIEDATUM van deze immigratie gevuld met de emigratiedatum. In alle andere gevallen staat deze datum op 20501231 (want niet beeindigd). Een persoon die voor de eerste maal emigreert (of administratief worden afgevoerd) zonder eerder te zijn geimmigreerd heeft als AANVANGMIGRATIEDATUM de datum van emigratie.
"Migratiekenmerken van personen die in de Gemeentelijke Basisadministratie Persoonsgegevens (GBA) ingeschreven staan, gecoördineerd",GBAMIGRATIEBUS,EINDEMIGRATIEDATUM,Datum waarop migratieperiode is beëindigd.,"Dit is het geval als de persoon een nieuwe migratiebeweging maakt. 
Datum zoals vastgelegd in de GBA. Een persoon die immigreert (of administratief wordt opgenomen) heeft de immigratiedatum als AANVANGMIGRATIEDATUM. Mocht deze persoon emigreren (of administratief worden afgevoerd) dan wordt de EINDEMIGRATIEDATUM van deze immigratie gevuld met de emigratiedatum. In alle andere gevallen staat deze datum op 20501231 (want niet beëindigd).
Een persoon die voor de eerste maal emigreert (of administratief worden afgevoerd) zonder eerder te zijn geïmmigreerd heeft als AANVANGMIGRATIEDATUM de datum van emigratie."
"Migratiekenmerken van personen die in de Gemeentelijke Basisadministratie Persoonsgegevens (GBA) ingeschreven staan, publicatiepopulatie (inclusief nagekomen berichten)",GBAMIGRATIEGEBEURTENISBUS,GBAdatumEindeMigratie,Datum van de dag voorafgaand aan de eerstvolgende buitenlandse migratie.,"Datum waarop een migratiebeweging (immigratie, emigratie, administratieve afvoering of administratieve opneming) van een persoon is beëindigd. Datum die 1 dag vooraf gaat aan de eerstvolgende datum van immigratie, emigratie, administratieve opneming of administratieve afvoering."
"Migratiekenmerken van personen die in de Gemeentelijke Basisadministratie Persoonsgegevens (GBA) ingeschreven staan, publicatiepopulatie (inclusief nagekomen berichten)",GBAMIGRATIEGEBEURTENISBUS,GBAdatumMigratie,Datum van buitenlandse migratie,"Datum waarop de immigratie, emigratie, administratieve opnemingen of administratieve afvoeringen plaatsvinden."
Personen die van nationaliteit zijn gewijzigd en op het moment van de wijziging van nationaliteit in het bevolkingsregister van een Nederlandse gemeente stonden ingeschreven per publicatiejaar,GBANATGEWIJZIGDENMASSABUS,DATUMNATWIJZIGING,Datum ingang nationaliteitswijziging,"Datum waarop de nationaliteitswijziging van de persoon is ingegaan.

Betreft de datum zoals vastgelegd in het gemeentelijk bevolkingsregister."
Personen die van nationaliteit zijn gewijzigd en op het moment van de wijziging van nationaliteit in het bevolkingsregister van een Nederlandse gemeente stonden ingeschreven per publicatiejaar,GBANATGEWIJZIGDENMASSABUS,DATUMVOLGENDENATWIJZIGING,Datum ingang volgende nationaliteitswijziging,"Datum waarop een eventuele volgende nationaliteitswijziging van de persoon binnen hetzelfde publicatiejaar is ingegaan.

Betreft de datum zoals vastgelegd in het gemeentelijk bevolkingsregister."
Nationaliteitskenmerken van alle in de Gemeentelijke Basisadministratie Persoonsgegevens (GBA) ingeschreven personen,GBANATIONALITEITBUS,GBADATUMAANVANGNATIONALITEIT,Datum aanvang nationaliteitencombinatie persoon JJJJMMDD,"Datum zoals vastgelegd in de Nederlandse gemeentelijke bevolkingsregisters. 
Nationaliteit(en)combinatie: combinatie van nationaliteit 1 van de persoon en eventueel nationaliteit 2 van de persoon. 
Nationaliteit is het wettelijk onderdaan zijn van een bepaalde staat (staatsburgerschap)."
Nationaliteitskenmerken van alle in de Gemeentelijke Basisadministratie Persoonsgegevens (GBA) ingeschreven personen,GBANATIONALITEITBUS,GBADATUMEINDENATIONALITEIT,Datum beëindiging nationaliteitencombinatie persoon JJJJMMDD,"Datum zoals vastgelegd in de Nederlandse gemeentelijke bevolkingsregisters. 
Nationaliteit(en)combinatie: combinatie van nationaliteit 1 van de persoon en eventueel nationaliteit 2 van de persoon. 
Nationaliteit is het wettelijk onderdaan zijn van een bepaalde staat (staatsburgerschap)."
Datum van overlijden van personen die ingeschreven staan in de Gemeentelijke Basisadministratie (GBA),GBAOVERLIJDENTAB,GBADatumOverlijden,Datum van overlijden,Datum zoals vastgelegd in de GBA.
Datum van overlijden van personen die ingeschreven staan in de Gemeentelijke Basisadministratie (GBA),GBAOVERLIJDENTAB,GBADatumOverlijden,Datum van overlijden,Datum zoals vastgelegd in de BRP.
"Persoonskenmerken van alle in de Gemeentelijke Basis Administratie (GBA) ingeschreven personen, gecoördineerd",GBAPERSOONTAB,GBAGEBOORTEDAG,Geboortedag,"Geboortedag binnen een maand van een persoon.
Geboortedag staat om beveiligingsredenen op 01."
"Persoonskenmerken van alle in de Gemeentelijke Basis Administratie (GBA) ingeschreven personen, gecoördineerd",GBAPERSOONTAB,GBAGEBOORTEJAAR,Geboortejaar,Geboortejaar zoals vastgelegd in de gemeentelijke bevolkingsregisters.
"Persoonskenmerken van alle in de Gemeentelijke Basis Administratie (GBA) ingeschreven personen, gecoördineerd",GBAPERSOONTAB,GBAGEBOORTEMAAND,Geboortemaand,Geboortemaand zoals vastgelegd in de gemeentelijke bevolkingsregisters.
"Persoonskenmerken van alle in de Gemeentelijke Basis Administratie (GBA) ingeschreven personen, gecoördineerd",GBAPERSOONTAB,GBAGEBOORTEDAG,Geboortedag,Geboortedag binnen een maand van een persoon. Geboortedag staat om beveiligingsredenen op 01.
"Persoonskenmerken van alle in de Gemeentelijke Basis Administratie (GBA) ingeschreven personen, gecoördineerd",GBAPERSOONTAB,GBAGEBOORTEJAARMOEDER,Geboortejaar van de moeder,Geboortejaar zoals vastgelegd in de gemeentelijke bevolkingsregisters.
"Persoonskenmerken van alle in de Gemeentelijke Basis Administratie (GBA) ingeschreven personen, gecoördineerd",GBAPERSOONTAB,GBAGEBOORTEDAGMOEDER,Geboortedag van de moeder,Geboortedag staat om beveiligingsredenen op 01.
"Persoonskenmerken van alle in de Gemeentelijke Basis Administratie (GBA) ingeschreven personen, gecoördineerd",GBAPERSOONTAB,GBAGEBOORTEDAGVADER,Geboortedag van de vader,Geboortedag staat om beveiligingsredenen op 01.
"Persoonskenmerken van alle in de Gemeentelijke Basis Administratie (GBA) ingeschreven personen, gecoördineerd",GBAPERSOONTAB,GBAGEBOORTEJAARVADER,Geboortejaar van de vader,Geboortejaar zoals vastgelegd in de gemeentelijke bevolkingsregisters.
"Persoonskenmerken van alle in de Gemeentelijke Basis Administratie (GBA) ingeschreven personen, gecoördineerd",GBAPERSOONTAB,GBAGEBOORTEJAAR,Geboortejaar,Geboortejaar zoals vastgelegd in de BRP.
"Persoonskenmerken van alle in de Gemeentelijke Basis Administratie (GBA) ingeschreven personen, gecoördineerd",GBAPERSOONTAB,GBAGEBOORTEJAARVADER,Geboortejaar van de vader,Geboortejaar zoals vastgelegd in de BRP.
"Persoonskenmerken van alle in de Gemeentelijke Basis Administratie (GBA) ingeschreven personen, gecoördineerd",GBAPERSOONTAB,GBAGEBOORTEJAARMOEDER,Geboortejaar van de moeder,Geboortejaar zoals vastgelegd in de BRP.
Perioden van samenwoning van in de Basisregistratie Personen (BRP) ingeschreven personen die een periode een samenwonend paar vormen,GBASAMENWONERBUS,GBAAANVANGSAMENWOONPERIODE1,Datum aanvang van samenwoonperiode,"Begindatum van de samenwoonperiode. 

Als een persoon voor de eerste keer met een partner een samenwonend paar vormt wordt de variabele 'Datum aanvang van samenwoning' ingevuld. 
Als een persoon een volgende keer met een (andere) partner een samenwonend paar vormt wordt een nieuw record aangemaakt met een nieuwe begindatum (Datum aanvang van samenwoning). 

Eén persoon kan meerdere begindata hebben. 

Perioden van samenwonen hoeven niet op elkaar aan te sluiten."
Perioden van samenwoning van in de Basisregistratie Personen (BRP) ingeschreven personen die een periode een samenwonend paar vormen,GBASAMENWONERBUS,GBAEINDESAMENWOONPERIODE1,Datum einde van samenwoonperiode,"Einddatum van de samenwoonperiode. 

Als een persoon partner is in een samenwonend paar en de samenwoonperiode eindigt wordt de variabele 'Datum einde van samenwoning' ingevuld. 

Eén persoon kan meerdere einddata hebben.

Perioden van samenwonen hoeven niet op elkaar aan te sluiten."
Perioden van samenwoning van in de Basisregistratie Personen (BRP) ingeschreven personen die een samenwonend paar vormen of gevormd hebben,GBASAMENWONERSBUS,GBAAANVANGSAMENWOONPERIODE,Datum aanvang van samenwoonperiode,"Begindatum van de samenwoonperiode. 

Als een persoon voor de eerste keer met een partner een samenwonend paar vormt wordt de variabele 'Datum aanvang van samenwoning' ingevuld. 
Als een persoon een volgende keer met een (andere) partner een samenwonend paar vormt wordt een nieuw record aangemaakt met een nieuwe begindatum (Datum aanvang van samenwoning). 

Eén persoon kan meerdere begindata hebben. 

Perioden van samenwonen hoeven niet op elkaar aan te sluiten."
Perioden van samenwoning van in de Basisregistratie Personen (BRP) ingeschreven personen die een samenwonend paar vormen of gevormd hebben,GBASAMENWONERSBUS,GBAEINDESAMENWOONPERIODE,Datum einde van samenwoonperiode,"Einddatum van de samenwoonperiode. 

Als een persoon partner is in een samenwonend paar en de samenwoonperiode eindigt wordt de variabele 'Datum einde van samenwoning' ingevuld. 

Eén persoon kan meerdere einddata hebben.

Perioden van samenwonen hoeven niet op elkaar aan te sluiten."
Perioden van verbonden zijn door huwelijk of geregistreerd partnerschap van in de Gemeentelijke Basisadministratie Persoonsgegevens (GBA) ingeschreven personen.,GBAVERBINTENISPARTNERBUS,AANVANGVERBINTENIS,Datum aanvang van de verbintenis,"Onder een verbintenis wordt zowel een huwelijk als een geregistreerd partnerschap verstaan.
Huwelijk: Wettelijke verbintenis tot het samenleven van twee personen. Sinds april 2001 staat het huwelijk ook open voor personen van hetzelfde geslacht.
Geregistreerd partnerschap: Een op het huwelijk lijkende relatie tussen twee personen van gelijk of van verschillend geslacht, vastgelegd in een akte van de Burgerlijke Stand. Per 1 januari 1998 is in Nederland het geregistreerd partnerschap ingevoerd.

Partners binnen een verbintenis hoeven ten tijde van deze verbintenis niet op één adres te wonen."
Perioden van verbonden zijn door huwelijk of geregistreerd partnerschap van in de Gemeentelijke Basisadministratie Persoonsgegevens (GBA) ingeschreven personen.,GBAVERBINTENISPARTNERBUS,EINDEVERBINTENIS,Datum beëindiging van de verbintenis,"Onder een verbintenis wordt zowel een huwelijk als een geregistreerd partnerschap verstaan.
Huwelijk: Wettelijke verbintenis tot het samenleven van twee personen.
Sinds april 2001 staat het huwelijk ook open voor personen van hetzelfde geslacht.
Geregistreerd partnerschap: Een op het huwelijk lijkende relatie tussen twee personen van gelijk of van verschillend geslacht, vastgelegd in een akte van de Burgerlijke Stand. Per 1 januari 1998 is in Nederland het geregistreerd partnerschap ingevoerd.

Partners binnen een verbintenis hoeven ten tijde van deze verbintenis niet op één adres te wonen."
Verweduwende personen die op het moment van verweduwing in het bevolkingsregister van een Nederlandse gemeente stonden ingeschreven per publicatiejaar,GBAVERWEDUWDENMASSABUS,DATUMVOLGENDEVERWEDUWING,Datum aanvang volgende verweduwing,"Datum waarop een eventuele volgende verweduwing van een persoon is ingegaan binnen hetzelfde publicatiejaar.

Betreft de datum zoals vastgelegd in het gemeentelijk bevolkingsregister.

Verweduwende persoon: 
Persoon van wie het huwelijk of het geregistreerd partnerschap in het publicatiejaar is ontbonden door het overlijden van de partner. De persoon dient tijdens het overlijden van de partner inwoner van Nederland zijn, ongeacht of de overleden partner tijdens zijn / haar overlijden inwoner was van Nederland.

Huwelijk: 
Wettelijk geregelde verbintenis tussen twee personen.

Geregistreerd partnerschap: 
Een op het huwelijk lijkende relatie tussen twee personen van gelijk of van verschillend geslacht, vastgelegd in een akte van de Burgerlijke Stand. Per 1 januari 1998 is in Nederland het geregistreerd partnerschap ingevoerd."
Verweduwende personen die op het moment van verweduwing in het bevolkingsregister van een Nederlandse gemeente stonden ingeschreven per publicatiejaar,GBAVERWEDUWDENMASSABUS,DATUMVERWEDUWING,Datum aanvang verweduwing,"Datum waarop de verweduwing van de persoon is ingegaan.

Betreft de datum zoals vastgelegd in het gemeentelijk bevolkingsregister.

Verweduwende persoon: 
Persoon van wie het huwelijk of het geregistreerd partnerschap in het publicatiejaar is ontbonden door het overlijden van de partner. De persoon dient tijdens het overlijden van de partner inwoner van Nederland zijn, ongeacht of de overleden partner tijdens zijn / haar overlijden inwoner was van Nederland.

Huwelijk: 
Wettelijk geregelde verbintenis tussen twee personen.

Geregistreerd partnerschap: 
Een op het huwelijk lijkende relatie tussen twee personen van gelijk of van verschillend geslacht, vastgelegd in een akte van de Burgerlijke Stand. Per 1 januari 1998 is in Nederland het geregistreerd partnerschap ingevoerd."
Personen die gebruik hebben gemaakt van bijdrageplichtige Wlz-zorg,GEBWLZTAB,BEGINWLZGEB,Begindatum gebruik zorg uit de Wlz,"De begindatum van het gebruik van zorg in het verslagjaar waarvan de kosten voor rekening van de Wlz komen van personen van 18 jaar of ouder waarvoor een eigen bijdrage betaald moet worden.
De component met gegevens over gebruik van Wlz-zorg is gesplitst op de jaargrens, de begindatum is hierdoor op zijn vroegst op 1 januari van het verslagjaar. Dit maakt het mogelijk de verschillende jaren van de component achter elkaar te zetten zonder overlappende records te krijgen."
Personen die gebruik hebben gemaakt van bijdrageplichtige Wlz-zorg,GEBWLZTAB,EINDEWLZGEB,Einddatum gebruik zorg uit de Wlz,"De einddatum van het gebruik van zorg uit de Wlz in het verslagjaar waarvan de kosten voor rekening van de Wlz komen van personen van 18 jaar of ouder waarvoor een eigen bijdrage betaald moet worden.
De component met gegevens over gebruik van Wlz-zorg is gesplitst op de jaargrens, de einddatum is hierdoor op zijn laatst op 31 december van het verslagjaar. Dit maakt het mogelijk de verschillende jaren van de component achter elkaar te zetten zonder overlappende records te krijgen."
Personen die gebruik hebben gemaakt van bijdrageplichtige Wmo-maatwerkvoorzieningen,GEBWMOTAB,VOLGNRMWV,Volgnummer maatwerkvoorziening per persoon,Een volgnummer voor de verschillende maatwerkvoorzieningen waarvan één persoon gebruik maakt op verschillende tijdstippen binnen het verslagjaar.
Personen die gebruik hebben gemaakt van bijdrageplichtige Wmo-maatwerkvoorzieningen,GEBWMOTAB,BEGINLEBHEB,Eerste dag van Wmo-maatwerkvoorziening waarvoor een lage eigen bijdrage of hoge eigen bijdrage (LEBHEB) betaald moet worden.,Eerste dag van zorgafname binnen een bepaald tijdvak waarin gebruik is gemaakt van een Wmo-maatwerkvoorziening waarvoor een lage eigen bijdrage of hoge eigen bijdrage (LEBHEB) betaald moet worden.
Personen die gebruik hebben gemaakt van bijdrageplichtige Wmo-maatwerkvoorzieningen,GEBWMOTAB,EINDLEBHEB,Laatste dag van Wmo-maatwerkvoorziening waarvoor een lage eigen bijdrage of hoge eigen bijdrage (LEBHEB) betaald moet worden.,Laatste dag van zorgafname binnen een bepaald tijdvak waarin gebruik is gemaakt van een Wmo-maatwerkvoorziening waarvoor een lage eigen bijdrage of hoge eigen bijdrage (LEBHEB) betaald moet worden.
Personen die gebruik hebben gemaakt van bijdrageplichtige Wmo-maatwerkvoorzieningen,GEBWMOTAB,EINDAT,Laatste dag van Wmo-zorg thuis vanuit het Abonnementstarief waarvoor een eigen bijdrage betaald moet worden.,Laatste dag van zorgafname binnen een bepaald tijdvak waarin gebruik is gemaakt van Wmo-zorg thuis waarvoor een eigen bijdrage betaald moet worden.
Personen die gebruik hebben gemaakt van bijdrageplichtige Wmo-maatwerkvoorzieningen,GEBWMOTAB,BEGINAT,Eerste dag van Wmo-zorg thuis vanuit het Abonnementstarief waarvoor een eigen bijdrage betaald moet worden.,Eerste dag van zorgafname binnen een bepaald tijdvak waarin gebruik is gemaakt van Wmo-zorg thuis waarvoor een eigen bijdrage betaald moet worden.
"Gezondheidsenquête: gezondheid, medische contacten, leefstijl en preventief gedrag van de bevolking in Nederland",GECON,GEZVRGJaarGriepprik,Griepprik: jaar laatste griepprik,Deze variabele vertegenwoordigt antwoorden op de volgende vraag uit de vragenlijst: Wanneer heeft u voor het laatst een griepprik gekregen
"Gezondheidsenquête: gezondheid, medische contacten, leefstijl en preventief gedrag van de bevolking in Nederland",GECON,GEZVRGStopLeeftijdRoken,Roken: leeftijd waarop de respondent is gestopt met roken,"Deze variabele vertegenwoordigt antwoorden op de volgende vraag uit de vragenlijst: ""Hoe oud was u toen u stopte met sigaretten roken. Als u het niet precies weet mag u schatten?"""
"Gezondheidsenquête: gezondheid, medische contacten, leefstijl en preventief gedrag van de bevolking in Nederland",GECON,GEZVRGMaandGriepprik,Griepprik: maand griepprik,Deze variabele vertegenwoordigt antwoorden op de volgende vraag uit de vragenlijst: In welke maand heeft u voor het laatst een griepprik gekregen?
"Gezondheidsenquête: gezondheid, medische contacten, leefstijl en preventief gedrag van de bevolking in Nederland",GECON,GEZVRGBeginLeeftijdRoken,Roken: leeftijd waarop de respondent is begonnen met roken,"Deze variabele vertegenwoordigt antwoorden op de volgende vraag uit de vragenlijst: ""Hoe oud was u toen u begon met sigaretten roken. Als u het niet precies weet mag u schatten?"""
Gemeentecode Standplaats,GEMSTPLAATSBUS,DATUMEINDEGEMSTPLAATS,Einddatum gemeentecode standplaats,"Beschrijving van de operationalisering:
Voor de verslagjaren 1999-2005 is de einddatum geldigheid altijd gelijk aan de einddatum
van de baan. Gegeven de resolutie van de broninformatie kan dit gegeven binnen een verslagjaar 
niet wijzigen.

Eenheid:
Baan (BAANID)

Historie:
Beschikbaar vanaf verslagjaar 1999"
Gemeentecode Standplaats,GEMSTPLAATSBUS,DATUMAANVANGGEMSTPLAATS,Aanvangsdatum gemeentecode standplaats,"Beschrijving van de operationalisering: Voor de verslagjaren 1999-2005 is de aanvangsdatum geldigheid altijd gelijk aan de aanvangsdatum van de baan. Gegeven de resolutie van de broninformatie kan dit gegeven binnen een verslagjaar niet wijzigen.
Eenheid: Baan (BAANID)
Historie: Beschikbaar vanaf verslagjaar 1999"
Nevendiagnosen bij Diagnose Behandeling Combinatie-trajecten in de Geestelijke Gezondheidszorg hoofddiagnose,GGZDBCDIAGNOSEHOOFDDIAGTAB,GGZDBCDiagnosedatumHOOFDDIAG,Datum van stellen van de diagnose,"Diagnosedatum van de DBC; in format: YYYYMMDD
Datum waarop de diagnose is gesteld of de meest recente wijzigingsdatum van de diagnose."
Nevendiagnosen bij Diagnose Behandeling Combinatie-trajecten in de Geestelijke Gezondheidszorg,GGZDBCDIAGNOSETAB,GGZDBCDiagnosedatum,Datum van stellen van de diagnose,"Diagnosedatum van de DBC; in format: YYYYMMDD
Datum waarop de diagnose is gesteld of de meest recente wijzigingsdatum van de diagnose."
Geleverd zorgprofiel bij geopende Diagnose Behandeling Combinatie-trajecten in de Geestelijke Gezondheidszorg,GGZDBCGELEVERDZORGPROFIELTAB,GGZGZPZorgactiviteitDatum,Datum waarop de Zorgactiviteit wordt uitgevoerd.,Format YYYYMMDD
Geleverd zorgprofiel bij geopende Diagnose Behandeling Combinatie-trajecten in de Geestelijke Gezondheidszorg,GGZDBCGELEVERDZORGPROFIELTAB,GGZGZPVBLEinddatum,Datum waarop het verblijf is beëindigd.,Format YYYYMMDD
Geleverd zorgprofiel bij geopende Diagnose Behandeling Combinatie-trajecten in de Geestelijke Gezondheidszorg,GGZDBCGELEVERDZORGPROFIELTAB,GGZGZPVBLBegindatum,Datum waarop het verblijf is begonnen.,Format YYYYMMDD
Geopende Diagnose Behandeling Combinatie-trajecten in de Geestelijke Gezondheidszorg hoofddiagnose,GGZDBCTRAJECTENHOOFDDIAGTAB,GGZDBCBegindatumHOOFDDIAG,Begindatum van DBC,"Begindatum van de DBC; in format: YYYYMMDD
De begindatum van een traject is de datum waarop de eerste activiteit plaatsvindt na het openen van het zorgtraject (zorgtype begint met 1 of 3) of de dag na het afsluiten van het vorige traject (zorgtype begint met 2). DBC's met zorgtype beginnend met 3 (Crisisinterventie) kunnen op ieder moment binnen het zorgtraject geopend worden, ook parallel aan andere DBCtrajecten."
Geopende Diagnose Behandeling Combinatie-trajecten in de Geestelijke Gezondheidszorg hoofddiagnose,GGZDBCTRAJECTENHOOFDDIAGTAB,GGZDBCEinddatumHOOFDDIAG,Einddatum van DBC,"Einddatum van de DBC; in format: YYYYMMDD
Dit is de datum waarop de DBC wordt afgesloten."
Geopende Diagnose Behandeling Combinatie-trajecten in de Geestelijke Gezondheidszorg hoofddiagnose,GGZDBCTRAJECTENHOOFDDIAGTAB,GGZDBCStartdatumZTRHOOFDDIAG,Startdatum van het zorgtraject,"Begindatum van de DBC; in format: YYYYMMDD
De begindatum van een zorgtraject is de datum waarop de eerste activiteit plaatsvindt binnen het zorgtraject."
Geopende Diagnose Behandeling Combinatie-trajecten in de Geestelijke Gezondheidszorg hoofddiagnose,GGZDBCTRAJECTENHOOFDDIAGTAB,GGZDBCEinddatumZTRHOOFDDIAG,Einddatum van Zorgtraject,"Einddatum van het Zorgtraject; in format: YYYYMMDD
Dit is de datum waarop het traject wordt afgesloten."
Geopende Diagnose Behandeling Combinatie-trajecten in de Geestelijke Gezondheidszorg hoofddiagnose,GGZDBCTRAJECTENHOOFDDIAGTAB,GGZDBCLaatsteContactdatumDBCHOOFDDIAG,Laatste Contactdatum DBC Geestelijke Gezondheidszorg,De hoogste datum die voor de DBC voorkomt in de tabel GGZDBCGeleverdZorgprofielJJJJTABVV
Geopende Diagnose Behandeling Combinatie-trajecten in de Geestelijke Gezondheidszorg,GGZDBCTRAJECTENTAB,GGZDBCEinddatumZTR,Einddatum van Zorgtraject,"Einddatum van het Zorgtraject; in format: YYYYMMDD
Dit is de datum waarop het traject wordt afgesloten."
Geopende Diagnose Behandeling Combinatie-trajecten in de Geestelijke Gezondheidszorg,GGZDBCTRAJECTENTAB,GGZDBCBegindatum,Begindatum van DBC,"Begindatum van de DBC; in format: YYYYMMDD
De begindatum van een traject is de datum waarop de eerste activiteit plaatsvindt na het openen van het zorgtraject (zorgtype begint met 1 of 3) of de dag na het afsluiten van het vorige traject (zorgtype begint met 2). DBC's met zorgtype beginnend met 3 (Crisisinterventie) kunnen op ieder moment binnen het zorgtraject geopend worden, ook parallel aan andere DBCtrajecten."
Geopende Diagnose Behandeling Combinatie-trajecten in de Geestelijke Gezondheidszorg,GGZDBCTRAJECTENTAB,GGZDBCStartdatumZTR,Startdatum van het zorgtraject,"Begindatum van de DBC; in format: YYYYMMDD
De begindatum van een zorgtraject is de datum waarop de eerste activiteit plaatsvindt binnen het zorgtraject."
Geopende Diagnose Behandeling Combinatie-trajecten in de Geestelijke Gezondheidszorg,GGZDBCTRAJECTENTAB,GGZDBCEinddatum,Einddatum van DBC,"Einddatum van de DBC; in format: YYYYMMDD
Dit is de datum waarop de DBC wordt afgesloten."
Geopende Diagnose Behandeling Combinatie-trajecten in de Geestelijke Gezondheidszorg,GGZDBCTRAJECTENTAB,GGZDBCLaatsteContactdatumDBC,Laatste Contactdatum DBC Geestelijke Gezondheidszorg,De hoogste datum die voor de DBC voorkomt in de tabel GGZDBCGeleverdZorgprofielJJJJTABVV
Geleverd zorgprofiel bij geopende Diagnose Behandeling Combinatie-trajecten in de Geestelijke Gezondheidszorg hoofddiagnose,GGZDBCZRGPROFIELHOOFDDIAGTAB,GGZGZPVBLEinddatumHOOFDDIAG,Datum waarop het verblijf is beëindigd.,Format YYYYMMDD
Geleverd zorgprofiel bij geopende Diagnose Behandeling Combinatie-trajecten in de Geestelijke Gezondheidszorg hoofddiagnose,GGZDBCZRGPROFIELHOOFDDIAGTAB,GGZGZPZorgactiviteitDatumHOOFDDIAG,Datum waarop de Zorgactiviteit wordt uitgevoerd.,Format YYYYMMDD
Geleverd zorgprofiel bij geopende Diagnose Behandeling Combinatie-trajecten in de Geestelijke Gezondheidszorg hoofddiagnose,GGZDBCZRGPROFIELHOOFDDIAGTAB,GGZGZPVBLBegindatumHOOFDDIAG,Datum waarop het verblijf is begonnen.,Format YYYYMMDD
Declaraties voor verrichtingen in de Geestelijke Gezondheidszorg,GGZDECLVEKTIS,einddatum_prestatie,einddatum_prestatie,in format: YYYYMMDD
Declaraties voor verrichtingen in de Geestelijke Gezondheidszorg,GGZDECLVEKTIS,begindatum_prestatie,begindatum_prestatie,in format: YYYYMMDD
De Gepromoveerden Enquete (GPE) bevat gegevens over gepromoveerden in Nederland,GPE,EindJr,Jaar waarin doctoraat/PhD succesvol werd afgerond,"Philosophia Doctor (PhD). Wettelijk is PhD geen graad binnen het Nederlandse onderwijssysteem, maar deze term kan als synoniem voor doctoraat worden gebruikt."
De Gepromoveerden Enquete (GPE) bevat gegevens over gepromoveerden in Nederland,GPE,GPEAflAcadJaar,Afleiding: Academisch jaar van promoveren (gebaseerd op gegevens van universiteiten),Gebaseerd op gegevens van universiteiten.
De Gepromoveerden Enquete (GPE) bevat gegevens over gepromoveerden in Nederland,GPE,HuidWrkJr,Jaar gestart met werken in deze werkkring,Het betreft de werkkring die voor de respondent rond 1 december 2018 het belangrijkst was.
De Gepromoveerden Enquete (GPE) bevat gegevens over gepromoveerden in Nederland,GPE,GPEAflPromJr,Jaar van behalen van doctoraat,"Afleiding wordt gemaakt op basis van vragen over het jaar van de promotie en in welke maand,"
Geregistreerde werkzoekenden bij UWV met gegevens over beroep,GWUBEROEPBUS,DatumAANVANGGWUberoep,Aanvang geldigheid registratie als Geregistreerde Werkzoekende UWV (GWU),"Datum in het betreffende jaar waarop een inschrijving start. Het gaat om personen die voorkomen in de registratie werkzoekend bij UWV. Zij hebben een WW-uitkering, Bijstandsuitkering, Wajong-uitkering, WGA-uitkering, WAO-uitkering en ontvangen dienstverlening van UWV of gemeenten, of zij hebben een actief cv op werk.nl. Als er iets is gewijzigd in één van deze registraties wordt een nieuwe inschrijfperiode gestart."
Geregistreerde werkzoekenden bij UWV met gegevens over beroep,GWUBEROEPBUS,DatumEINDEGWUberoep,Einde geldigheid registratie Geregistreerde Werkzoekende UWV (GWU),"Datum in het betreffende jaar waarop de inschrijving stopt of iets wijzigt. Het gaat om personen die voorkomen in de registratie werkzoekend bij UWV. Zij hebben of hadden een WW-uitkering, Bijstandsuitkering, Wajong-uitkering, WGA-uitkering, WAOuitkering en ontvangen dienstverlening van UWV of gemeenten, of zij hebben of hadden een actief cv op werk.nl. Als er iets wijzigt in één van deze registraties wordt een nieuwe ingschrijfperiode gestart."
Geregistreerde werkzoekenden bij UWV met gegevens over soort inschrijving,GWUBUS,DatumAANVANGGWUreg,Aanvang geldigheid registratie als Geregistreerde Werkzoekende UWV (GWU),"Datum in het betreffende jaar waarop een inschrijving start. Het gaat om personen die voorkomen in de registratie werkzoekend bij UWV. Zij hebben een WW-uitkering, Bijstandsuitkering, Wajong-uitkering, WGA-uitkering, WAO-uitkering en ontvangen dienstverlening van UWV of gemeenten, of zij hebben een actief cv op werk.nl. Als er iets is gewijzigd in één van deze registraties wordt een nieuwe inschrijfperiode gestart."
Geregistreerde werkzoekenden bij UWV met gegevens over soort inschrijving,GWUBUS,DatumEINDEGWUreg,Einde geldigheid registratie als Geregistreerde Werkzoekende UWV (GWU),"Datum in het betreffende jaar waarop de inschrijving stopt of iets wijzigt. Het gaat om personen die voorkomen in de registratie werkzoekend bij UWV. Zij hebben of hadden een WW-uitkering, Bijstandsuitkering, Wajong-uitkering, WGA-uitkering, WAO-uitkering en ontvangen dienstverlening van UWV of gemeenten, of zij hebben of hadden een actief cv op werk.nl. Als er iets wijzigt in één van deze registraties wordt een nieuwe inschrijfperiode gestart."
Geregistreerde werkzoekenden bij UWV,GWUMM,GwuPeildatum,Peildatum GWUbestand,Waardes: ultimo maand of jaar.
Delictkenmerken van Haltjongeren van 12 tot 18 jaar,HALTTAB,PleegDatdag,Pleegdag van het eerste Haltwaardige delict,"Het betreft in het verslagjaar afgeronde afdoeningen. Dag van plegen van het eerste delict in het verslagjaar.De pleegdatum wordt in de component onderscheiden naar jaar, maand en dag in respectievelijk de variabelen:PleegDatJAARPleegDatMNDPleegDatDAGMet behulp van de 3 pleegdatum-variabelen kan de leeftijd (afgerond op maanden) op moment van plegen worden berekend. Het komt voor dat een jongere meer dan een maal naar Halt is verwezen in een verslagjaar. In dit geval komt de pleegdatum overeen met de datum van plegen van het eerste delict. De component is gebaseerd op afdoeningen in het verslagjaar. Wanneer een Halt-afdoening na de jaarwisseling wordt afgerond zal het pleegjaar verschillen van het afdoeningsjaar."
Delictkenmerken van Haltjongeren van 12 tot 18 jaar,HALTTAB,PleegDatJaar,Pleegjaar van het eerste Haltwaardige delict,"Het betreft in het verslagjaar afgeronde afdoeningen. Jaar van plegen van het eerste delict in het verslagjaar. De pleegdatum wordt in de component onderscheiden naar jaar, maand en dag ein respectievelijk de variabelen:PleegDatJAARPleegDatMNDPleegDatDAGMet behulp van de 3 pleegdatum-variabelen kan de leeftijd (afgerond op maanden) op moment van plegen worden berekend. Het komt voor dat een jongere meer dan een maal naar Halt is verwezen in een verslagjaar. In dit geval komt de pleegdatum overeen met de datum van plegen van het eerste delict. De component is gebaseerd op afdoeningen in het verslagjaar. Wanneer een Halt-afdoening na de jaarwisseling wordt afgerond zal het pleegjaar verschillen van het afdoeningsjaar."
Delictkenmerken van Haltjongeren van 12 tot 18 jaar,HALTTAB,PleegDatMnd,Pleegmaand van het eerste Haltwaardige delict,"Het betreft in het verslagjaar afgeronde afdoeningen. Maand van plegen van het eerste delict in het verslagjaar. De pleegdatum wordt in de component onderscheiden naar jaar, maand en dag in respectievelijk de variabelen:PleegDatJAARPleegDatMNDPleegDatDAGMet behulp van de 3 pleegdatum-variabelen kan de leeftijd (afgerond op maanden) op moment van plegen worden berekend. Het komt voor dat een jongere meer dan een maal naar Halt is verwezen in een verslagjaar. In dit geval komt de pleegdatum overeen met de datum van plegen van het eerste delict. De component is gebaseerd op afdoeningen in het verslagjaar. Wanneer een Halt-afdoening na de jaarwisseling wordt afgerond zal het pleegjaar verschillen van het afdoeningsjaar."
Hoofdbanen van werknemers,HFDBAANBUS,EINDEHFDBAAN,Einde geldigheid hoofdbaan,"Dit veld geeft samen met het veld AANVANGHFDBAAN, de geldigheidsduur weer van attributen van banen binnen het verslagjaar."
Hoofdbanen van werknemers,HFDBAANBUS,AANVANGHFDBAAN,Aanvang geldigheid hoofdbaan,"Dit veld geeft samen met het veld EINDEHFDBAAN, de geldigheidsduur weer van attributen van banen binnen het verslagjaar."
Onderzoek Informatie en Communicatie Technologie (ICT) bevat gegevens over het gebruik van ICT in huishoudens en door personen (Verrind),ICTHHPERS,IctAflPeildatum,Afleiding peildatum,"Variabele bevat de peildatum of periode afbakening. Wordt gezet op de 1e dag van de maand van de start van het veldwerk, namelijk 1 april van het enquetejaar."
Door het CIZ afgegeven indicatie voor AWBZ-zorg.,INDICAWBZTAB,EINDEINDICAWBZ,Einddatum indicatie JJJJMMDD,"Datum van einde indicatie, zoals vermeld in het indicatiebesluit, of bij indicaties die in een naliggend jaar eindigen 31 december van het verslagjaar.
Bij overlijden is de sterfdatum opgevoerd als einddatum.

Indicaties in de INDICAWBZ component zijn gesplitst op de jaargrens, de begindatum is hierdoor op zijn vroegst op 1 januari van het verslagjaar. 
De einddatum op zijn laatst op 31 december van het verslagjaar. Dit maakt het mogelijk de verschillende jaren van de component achter elkaar te zetten zonder overlappende records te krijgen."
Door het CIZ afgegeven indicatie voor AWBZ-zorg.,INDICAWBZTAB,BEGININDICAWBZ,Begindatum indicatie JJJJMMDD,"Datum van ingang indicatie, zoals vermeld in het indicatiebesluit, of bij indicaties die in een voorliggend jaar van start zijn gegaan 1 januari van 
het verslagjaar.

Indicaties in de INDICAWBZ component zijn gesplitst op de jaargrens, de begindatum is hierdoor op zijn vroegst op 1 januari van het verslagjaar. 
De einddatum op zijn laatst op 31 december van het verslagjaar. Dit maakt het mogelijk de verschillende jaren van de component achter elkaar te zetten zonder overlappende records te krijgen."
Door het CIZ afgegeven indicatie voor Wlz-zorg.,INDICWLZTAB,EINDEINDICWLZ,Einddatum indicatie JJJJMMDD,"Datum van einde indicatie, zoals vermeld in het indicatiebesluit, of bij indicaties die in een naliggend jaar eindigen 31 december van het verslagjaar.
Bij overlijden is de sterfdatum opgevoerd als einddatum.

Indicaties in de INDICWLZ component zijn gesplitst op de jaargrens, de begindatum is hierdoor op zijn vroegst op 1 januari van het verslagjaar. 
De einddatum op zijn laatst op 31 december van het verslagjaar. Dit maakt het mogelijk de verschillende jaren van de component achter elkaar te zetten zonder overlappende records te krijgen."
Door het CIZ afgegeven indicatie voor Wlz-zorg.,INDICWLZTAB,BEGININDICWLZ,Begindatum indicatie JJJJMMDD,"Datum van ingang indicatie, zoals vermeld in het indicatiebesluit, of bij indicaties die in een voorliggend jaar van start zijn gegaan 1 januari van het verslagjaar.

Indicaties in de INDICWLZ component zijn gesplitst op de jaargrens, de begindatum is hierdoor op zijn vroegst op 1 januari van het verslagjaar. 
De einddatum op zijn laatst op 31 december van het verslagjaar. Dit maakt het mogelijk de verschillende jaren van de component achter elkaar te zetten zonder overlappende records te krijgen."
Inschrijvingen van leerlingen in het basisonderwijs,INSCHRWPOTAB,WPODATEINDTOETS,De datum waarop de eindtoets in het (speciaal) basisonderwijs is afgenomen.,"Een leerling kan meerdere toetsen doen en gedurende het hele schooljaar. Opgenomen is de meest recente toets die binnen het betreffende schooljaar is gemaakt. Dit geldt ook als dit de waarden van een cito-toets overschrijft, of als de meest recente toets op een andere school is gemaakt dan de inschrijving op 1 oktober. Het afnemen van een eindtoets is niet verplicht, echter als een leerling een eindtoets heeft afgelegd is het wel verplicht om hiervan de gegevens op te geven, te weten datum, soort toets en uitslag."
Inschrijvingen van leerlingen in het basisonderwijs,INSCHRWPOTAB,WPODATEINDTOETS,De datum waarop de eindtoets in het (speciaal) basisonderwijs is afgenomen.,"Tot schooljaar 2014/'15 kan een leerling meerdere toetsen doen en gedurende het schooljaar. Opgenomen is de meest recente toets die binnen het betreffende schooljaar is gemaakt. Dit geldt ook als dit de waarden van een Cito-toets overschrijft, of als de meest recente toets op een andere school is gemaakt dan de school waarop de leerling staat ingeschreven op 1 oktober. Het afnemen van een eindtoets is niet verplicht, echter als een leerling een eindtoets heeft afgelegd is het wel verplicht om hiervan de gegevens op te geven, te weten datum, soort toets en uitslag.
Vanaf schooljaar 2014/'15 zijn de regels aangepast en is het onder meer verplicht geworden om een eindtoets te doen in het reguliere basisonderwijs.
Vanaf schooljaar 2023/'24 zijn de regels wederom aangepast en maken leerlingen onder meer een doorstroomtoets in plaats van de eindtoets."
Kenmerken van IOW-uitkeringen,IOWUITKERING1ATAB,IOWEindeuitkering1A,De datum waarop de uitkeringsverhouding tussen de uitkerende instantie en de uitkeringsgerechtigde daadwerkelijk is beëindigd.,De datum waarop het recht is beëindigd. NB Dit is de eerste dag waarop geen recht meer bestaat op uitkering.
Kenmerken van IOW-uitkeringen,IOWUITKERING1ATAB,IOWAanvanguitkering1A,De datum waarop de uitkeringsverhouding tussen de uitkerende instantie en de uitkeringsgerechtigde formeel is aangevangen.,Dit kenmerk bevat de datum van aanvang van het recht.
Trajecten jeugdbescherming aan jeugdigen,JGDBESCHERMBUS,JGDBGELDIGHEIDBEGINDATUM,Begindatum van de geldigheidsperiode van het record over de jeugdbescherming aan de jeugdige,"De begindatum van de geldigheidsperiode ligt altijd in de verslagperiode waar de dataset betrekking op heeft. De begindatum van de geldigheidsperiode kan daarom nooit voor 1 januari van het verslagjaar liggen, noch na 31 december van het verslagjaar. Het traject over de jeugdbescherming aan de jeugdige kan wel al voor de verslagperiode gestart zijn. Die datum is terug te vinden in de variabele JGDBBEGINDATUM en niet in deze variabele."
Trajecten jeugdbescherming aan jeugdigen,JGDBESCHERMBUS,JGDBDATUMOVERGEDRAGENGEKREGEN,Datum overgedragen gekregen traject jeugdbescherming,Het betreft de eerste dag waarop de ‘nieuwe’ gecertificeerde instelling verantwoordelijk is geworden voor de uitvoering van de maatregel.
Trajecten jeugdbescherming aan jeugdigen,JGDBESCHERMBUS,JGDBGELDIGHEIDEINDDATUM,Einddatum van de geldigheidsperiode van het record over de jeugdbescherming aan de jeugdige,"De einddatum van de geldigheidsperiode ligt altijd in de verslagperiode waar de dataset betrekking op heeft. De einddatum van de geldigheidsperiode kan daarom nooit na 31 december van het verslagjaar liggen, noch voor 1 januari van het verslagjaar. Het traject over de jeugdbescherming aan de jeugdige kan wel pas na de verslagperiode geëindigd zijn. Die datum is terug te vinden in de variabele JGDBEINDDATUM en niet in deze variabele."
Trajecten jeugdbescherming aan jeugdigen,JGDBESCHERMBUS,JGDBBEGINDATUM,Datum aanvang traject jeugdbescherming,De datum is vastgelegd in de beschikking en is gelijk aan de datum van de uitspraak van de kinderrechter.
Trajecten jeugdbescherming aan jeugdigen,JGDBESCHERMBUS,JGDBDATUMEERSTECONTACT,Datum eerste contact traject jeugdbescherming,"In de praktijk is dit het eerste face-to-face gesprek met de jeugdige en/of zijn ouders nadat de gecertificeerde instelling is belast met de uitvoering van de maatregel. Tijdens dit contact worden in ieder geval de rechten en plichten van de jeugdige doorgesproken.

De registratie hiervan houdt verband met het vaststellen van de doorlooptijd en eventuele wachtlijsten bij de uitvoering van jeugdbescherming. Het eerste contact is altijd verbonden aan de start van de uitvoering van een maatregel. Bij een verlenging van een maatregel, of als de uitvoering van een maatregel wordt overgedragen aan een andere gecertificeerde instelling, dan volgt er niet opnieuw een eerste contact."
Trajecten jeugdbescherming aan jeugdigen,JGDBESCHERMBUS,JGDBDATUMOVERGEDRAGEN,Datum overgedragen traject jeugdbescherming,Het betreft de laatste dag waarop de ‘vorige’ gecertificeerde instelling nog verantwoordelijk was voor de uitvoering van de maatregel.
Trajecten jeugdbescherming aan jeugdigen,JGDBESCHERMBUS,JGDBEINDDATUM,Datum beëindiging traject jeugdbescherming,De datum einde jeugdbescherming wordt pas aan het CBS geleverd nadat de maatregel daadwerkelijk is geëindigd. Deze datum wordt dus niet op voorhand al aan het CBS geleverd op basis van de te verwachten einddatum zoals opgenomen in de beschikking van de kinderrechter. De datum einde jeugdbescherming wordt doorgegeven door gecertificeerde instelling die als laatste met de uitvoering van de maatregel is belast.Deze datum is vastgelegd in de beschikking van de uitspraak van de kinderrechter.
Trajecten jeugdhulp aan jeugdigen,JGDHULPBUS,JGDHBEGINDATUM,Datum aanvang jeugdhulp,"In geval van jeugdhulp zonder verblijf gaat het om het eerste gesprek tussen de jeugdige en/of de ouders met de hulpverlener/behandelaar om met elkaar kennis te maken en te starten met de hulpverlening/behandeling. De hulpverlening dient in dit gesprek daadwerkelijk te starten, dus niet een eerste kennismaking gevolgd door plaatsing op een wachtlijst.
Bij jeugdhulp met verblijf wordt de dag aangehouden volgend op de eerste overnachting.
De datum van deze dag wordt weergeven als JJJJMMDD."
Trajecten jeugdhulp aan jeugdigen,JGDHULPBUS,JGDHGELDIGHEIDBEGINDATUM,Begindatum van de geldigheidsperiode van het record over de jeugdhulp aan de jeugdige,"De begindatum van de geldigheidsperiode ligt altijd in de verslagperiode waar de dataset betrekking op heeft. De begindatum van de geldigheidsperiode kan daarom nooit voor 1 januari van het verslagjaar liggen, noch na 31 december van het verslagjaar. Het traject over de jeugdhulp aan de jeugdige kan wel al voor de verslagperiode gestart zijn. Die datum is terug te vinden in de variabele JGDHBEGINDATUM en niet in deze variabele."
Trajecten jeugdhulp aan jeugdigen,JGDHULPBUS,JGDHGELDIGHEIDEINDDATUM,Einddatum van de geldigheidsperiode van het record over de jeugdhulp aan de jeugdige,"De einddatum van de geldigheidsperiode ligt altijd in de verslagperiode waar de dataset betrekking op heeft. De einddatum van de geldigheidsperiode kan daarom nooit na 31 december van het verslagjaar liggen, noch voor 1 januari van het verslagjaar. Het traject over de jeugdhulp aan de jeugdige kan wel pas na de verslagperiode geëindigd zijn. Die datum is terug te vinden in de variabele JGDHEINDDATUM en niet in deze variabele."
Trajecten jeugdhulp aan jeugdigen,JGDHULPBUS,JGDHEINDDATUM,Datum einde jeugdhulp,"Dit kan twee dingen betekenen: (1) De hulpverlening stopt in zijn geheel. Dit houdt in dat er na deze dag geen sprake meer is van een feitelijke hulpverleningsrelatie of behandelovereenkomst. (2) Er kan ook sprake zijn van een (tussentijdse) wijziging in het type jeugdhulp, bijvoorbeeld van jeugdhulp met verblijf naar jeugdhulp zonder verblijf. Als alleen het perspectief van de jeugdhulp wijzigt, dan is er geen einde van de ingezette jeugdhulp en loopt het hulpverleningstraject gewoon door.
In geval van jeugdhulp met verblijf is de datum einde jeugdhulp de dag na de laatste overnachting.
De datum van deze dag wordt weergeven als JJJJMMDD"
Trajecten jeugdhulp aan jeugdigen,JGDHULPBUS,JGDHGELDIGHEIDBEGINDATUM,Begindatum van de geldigheidsperiode van het record over de jeugdhulp aan de jeugdige,"De begindatum van de geldigheidsperiode ligt altijd in de verslagperiode waar de dataset betrekking op heeft. De begindatum van de geldigheidsperiode kan daarom nooit voor 1 januari van het verslagjaar liggen, noch na 31 december van het verslagjaar. Het traject over de jeugdhulp aan de jeugdige kan wel al voor de verslagperiode gestart zijn. Die datum is terug te vinden in de variabele JGDHBEGINDATUM en niet in deze variabele.
De datum van deze dag wordt weergeven als JJJJMMDD."
Trajecten jeugdhulp aan jeugdigen,JGDHULPBUS,JGDHGELDIGHEIDEINDDATUM,Einddatum van de geldigheidsperiode van het record over de jeugdhulp aan de jeugdige,"De einddatum van de geldigheidsperiode ligt altijd in de verslagperiode waar de dataset betrekking op heeft. De einddatum van de geldigheidsperiode kan daarom nooit na 31 december van het verslagjaar liggen, noch voor 1 januari van het verslagjaar. Het traject over de jeugdhulp aan de jeugdige kan wel pas na de verslagperiode geëindigd zijn. Die datum is terug te vinden in de variabele JGDHEINDDATUM en niet in deze variabele.
De datum van deze dag wordt weergeven als JJJJMMDD."
Kenmerken van trajecten jeugdreclassering aan jeugdigen,JGDRECLASBUS,JGDRDATUMOVERGEDRAGEN,Datum overgedragen traject jeugdreclassering,Het betreft de laatste dag waarop de ‘vorige’ gecertificeerde instelling nog verantwoordelijk was voor de uitvoering van de maatregel.
Kenmerken van trajecten jeugdreclassering aan jeugdigen,JGDRECLASBUS,JGDRDATUMEERSTECONTACT,Datum eerste contact traject jeugdreclassering,"In de praktijk is dit het eerste face-to-face gesprek met de jeugdige en/of zijn ouders nadat de gecertificeerde instelling is belast met de uitvoering van de maatregel. Tijdens dit contact worden in ieder geval de rechten en plichten van de jeugdige doorgesproken.

De registratie hiervan houdt verband met het vaststellen van de doorlooptijd en eventuele wachtlijsten bij de uitvoering van jeugdreclassering. Het eerste contact is altijd verbonden aan de start van de uitvoering van een maatregel. Bij een verlenging van een maatregel, of als de uitvoering van een maatregel wordt overgedragen aan een andere gecertificeerde instelling, dan volgt er niet opnieuw een eerste contact."
Kenmerken van trajecten jeugdreclassering aan jeugdigen,JGDRECLASBUS,JGDRDATUMOVERGEDRAGENGEKREGEN,Datum overgedragen gekregen traject jeugdreclassering,Het betreft de eerste dag waarop de ‘nieuwe’ gecertificeerde instelling verantwoordelijk is geworden voor de uitvoering van de maatregel.
Kenmerken van trajecten jeugdreclassering aan jeugdigen,JGDRECLASBUS,JGDRGELDIGHEIDEINDDATUM,Einddatum van de geldigheidsperiode van het record over de jeugdreclassering aan de jeugdige,"De einddatum van de geldigheidsperiode ligt altijd in de verslagperiode waar de dataset betrekking op heeft. De einddatum van de geldigheidsperiode kan daarom nooit na 31 december van het verslagjaar liggen, noch voor 1 januari van het verslagjaar. Het traject over de jeugdbescherming aan de jeugdige kan wel pas na de verslagperiode geëindigd zijn. Die datum is terug te vinden in de variabele JGDBEINDDATUM en niet in deze variabele."
Kenmerken van trajecten jeugdreclassering aan jeugdigen,JGDRECLASBUS,JGDRGELDIGHEIDBEGINDATUM,Begindatum van de geldigheidsperiode van het record over de jeugdreclassering aan de jeugdige,"De begindatum van de geldigheidsperiode ligt altijd in de verslagperiode waar de dataset betrekking op heeft. De begindatum van de geldigheidsperiode kan daarom nooit voor 1 januari van het verslagjaar liggen, noch na 31 december van het verslagjaar. Het traject over de jeugdreclassering aan de jeugdige kan wel al voor de verslagperiode gestart zijn. Die datum is terug te vinden in de variabele JGDRBEGINDATUM en niet in deze variabele."
Kenmerken van trajecten jeugdreclassering aan jeugdigen,JGDRECLASBUS,JGDREINDDATUM,Datum einde traject jeugdreclassering,De datum einde jeugdreclassering wordt pas aan het CBS geleverd nadat de jeugdreclassering daadwerkelijk is geëindigd. Deze datum wordt dus niet op voorhand al aan het CBS geleverd op basis van de te verwachten einddatum zoals opgenomen in de betekende beschikking die onherroepelijk is geworden.
Kenmerken van trajecten jeugdreclassering aan jeugdigen,JGDRECLASBUS,JGDRBEGINDATUM,Datum aanvang traject jeugdreclassering,De datum is vastgelegd in het document waarin het besluit tot het inzetten van de maatregel is vastgelegd. Het gaat om de betekende beschikking die onherroepelijk is geworden.
Ziekenhuisopnamen Landelijke Basisregistratie Ziekenhuiszorg,LBZBASISTAB,LBZOntslagdatum,Datum ontslag,"Twee situaties kunnen zich voordoen:
1. De patiënt is op de desbetreffende datum uit de instelling ontslagen.
2. De patiënt is op de desbetreffende datum overleden in de instelling.
Deze laatste patiënten zijn te herkennen doordat de variabele LBZbestemming de waarde 10 of 11 heeft.
Deze datum van overlijden tijdens de ziekenhuisopname kan in incidentele gevallen verschillen van de overlijdensdatum zoals opgenomen in de BasisRegistratie Personen (BRP). In het overgrote deel van de gevallen komen de datum van ontslag uit het ziekenhuis bij overlijden en de overlijdensdatum zoals geregistreerd in BRP echter overeen.
De duur van de opname in dagen kan berekend worden door de opnamedatum af te trekken van de ontslagdatum (als deze datums hetzelfde zijn is de opnameduur dus 0 dagen)."
Ziekenhuisopnamen Landelijke Basisregistratie Ziekenhuiszorg,LBZBASISTAB,LBZOpnameuur,Opname-uur,Voor in de instelling geboren zuigelingen geldt het geboorte-uur als opname-uur.
Ziekenhuisopnamen Landelijke Basisregistratie Ziekenhuiszorg,LBZBASISTAB,LBZOpnamedatum,Opnamedatum,"Voor in de instelling geboren zuigelingen geldt de geboortedatum als opnamedatum. 
De duur van de opname in dagen kan berekend worden door de opnamedatum af te trekken van de ontslagdatum (als deze datums hetzelfde zijn is de opnameduur dus 0 dagen)."
Ziekenhuisopnamen voor RA-gebruik,LMRBASIS2011,dedaton,ontslaguur,Het tijdstip wordt weergegeven in hele uren.
Ziekenhuisopnamen voor RA-gebruik,LMRBASIS2011,opndat,Opnamedatum,De datum wordt weergegeven in het formaat jjjjmmdd.
Ziekenhuisopnamen voor RA-gebruik,LMRBASIS2011,gebdatm,geboortemaand,Geboortemaand zoals vastgelegd in de Landelijke Medische Registratie (LMR). De maand wordt weergegeven in het formaat mm.
Ziekenhuisopnamen voor RA-gebruik,LMRBASIS2011,ontslag,Ontslagdatum patiënt uit ziekenhuis,"De datum wordt weergegeven in het formaat jjjjmmdd. Als de variabele bestemming (DEBSTMC) ‘in instelling overleden’ is, dan is de ontslagdatum de datum van overlijden."
Ziekenhuisopnamen voor RA-gebruik,LMRBASIS2011,gebdatj,geboortejaar,Geboortejaar zoals vastgelegd in de Landelijke Medische Registratie (LMR). Het jaar wordt weergegeven in het formaat jjjj.
Ziekenhuisopnamen voor RA-gebruik,LMRBASIS2011,dedatopu,opname-uur,"Het tijdstip wordt weergegeven in hele uren, afgerond op het voorafgaande hele uur."
Ziekenhuisopnamen voor RA-gebruik,LMR_BASIS,dedaton,ontslaguur,Het tijdstip wordt weergegeven in hele uren.
Ziekenhuisopnamen voor RA-gebruik,LMR_BASIS,gebdatj,geboortejaar,Geboortejaar zoals vastgelegd in de Landelijke Medische Registratie (LMR). Het jaar wordt weergegeven in het formaat jjjj.
Ziekenhuisopnamen voor RA-gebruik,LMR_BASIS,opndat,Opnamedatum,De datum wordt weergegeven in het formaat jjjjmmdd.
Ziekenhuisopnamen voor RA-gebruik,LMR_BASIS,dedatopu,opname-uur,"Het tijdstip wordt weergegeven in hele uren, afgerond op het voorafgaande hele uur."
Ziekenhuisopnamen voor RA-gebruik,LMR_BASIS,ontslag,Ontslagdatum patiënt uit ziekenhuis,"De datum wordt weergegeven in het formaat jjjjmmdd. Als de variabele bestemming (DEBSTMC) ‘in instelling overleden’ is, dan is de ontslagdatum de datum van overlijden."
Ziekenhuisopnamen voor RA-gebruik,LMR_BASIS,gebdatm,geboortemaand,Geboortemaand zoals vastgelegd in de Landelijke Medische Registratie (LMR). De maand wordt weergegeven in het formaat mm.
GBA uniciteit compleet,LMR_GBA_UNICITEIT,eindgel,Eind geldigheid,Datum wordt weergegeven als jjjjmmdd
GBA uniciteit compleet,LMR_GBA_UNICITEIT,beggel,Begingeldigheid,Datum wordt weergegeven als jjjjmmdd
"Gegevens over personen die een studie in het buitenland hebben gevolgd, zoals het opleidingsniveau en baankenmerken",LMo,Datum_Ref,Tijdstip: Startdatum vragenlijst,Startdatum vragenlijst
"Gegevens over personen die een studie in het buitenland hebben gevolgd, zoals het opleidingsniveau en baankenmerken",LMo,JaarFunc,Tijdstip: Aanstellingsjaar huidige (belangrijkste) functie,In welk jaar bent u aangenomen in uw huidige (belangrijkste) functie?
"Gegevens over personen die een studie in het buitenland hebben gevolgd, zoals het opleidingsniveau en baankenmerken",LMo,BeginJr,Tijdstip: Startjaar behaalde opleiding,In welk jaar bent u met deze opleiding begonnen?
Personen met een Algemene Nabestaandenwet (ANW)-uitkering,MICANWPERSOONBUS,MICAANVANGANW,Begindatum ANW-uitkering,"De datum (JJJJMMDD) van aanvang van de Algemene nabestaandenwet (ANW)-uitkering van een persoon wordt bepaald aan de hand van de periodes dat de persoon een uitkering ontvangt. De aanvangdatum is de datum waarop de eerste uitkeringsperiode begint en zolang de uitkeringsperiodes aansluitend zijn verandert de aanvangdatum niet (ook over de jaren heen). Pas wanneer er een onderbreking is van de uitkering en de uitkering meer dan één dag later weer begint, verandert de aanvangsdatum. Die wordt dan gelijk aan de datum waarop de uitkering opnieuw is begonnen."
Personen met een arbeidsongeschiktheids (AO)-uitkering,MICAOTOTPERSOONBUS,MICAANVANGWGA,Begindatum WGA-uitkering,"De datum (JJJJMMDD) van aanvang van de Werkhervatting gedeeltelijk arbeidsongeschikten (WGA)-uitkering van een persoon wordt bepaald aan de hand van de periodes dat de persoon een uitkering ontvangt. De aanvangsdatum is de datum waarop de eerste uitkeringsperiode begint en zolang de uitkeringsperiodes aansluitend zijn verandert de aanvangsdatum niet (ook over de jaren heen). Pas wanneer er een onderbreking is van de uitkering en de uitkering meer dan één dag later weer begint, verandert de aanvangsdatum. Die wordt dan gelijk aan de datum waarop de uitkering opnieuw is begonnen. De aanvangsdatum in deze component moet niet gezien worden als aanvang van het recht op de uitkering. Voor het berekenen van de WGA-uitkeringsduur aan de hand van de aanvang van het recht is de variabele AANVANGWGA uit de AOTOTPERSOONJJJJBUSVV daarom beter geschikt, zie ook de toelichting bij het gebruik."
Personen met een arbeidsongeschiktheids (AO)-uitkering,MICAOTOTPERSOONBUS,MICAANVANGWAJONG,Begindatum WAJONG-uitkering,"De datum (JJJJMMDD) van aanvang van de Wet arbeidsongeschiktheidsvoorziening jonggehandicapten (WAJONG)-uitkering van een persoon wordt bepaald aan de hand van de periodes dat de persoon een uitkering ontvangt. De aanvangdatum is de datum waarop de eerste uitkeringsperiode begint en zolang de uitkeringsperiodes aansluitend zijn verandert de aanvangdatum niet (ook over de jaren heen). Pas wanneer er een onderbreking is van de uitkering en de uitkering meer dan één dag later weer begint, verandert de aanvangsdatum. Die wordt dan gelijk aan de datum waarop de uitkering opnieuw is begonnen. De aanvangsdatum in deze component moet niet gezien worden als aanvang van het recht op de uitkering. Voor het berekenen van de WAJONG-uitkeringsduur aan de hand van de aanvang van het recht is de variabele AANVANGWAJONG uit de AOTOTPERSOONJJJJBUSVV daarom beter geschikt, zie ook de toelichting bij het gebruik."
Personen met een arbeidsongeschiktheids (AO)-uitkering,MICAOTOTPERSOONBUS,MICAANVANGWAO,Begindatum WAO-uitkering,"De datum (JJJJMMDD) van aanvang van de Wet op de arbeidsongeschiktheidsverzekering (WAO)-uitkering van een persoon wordt bepaald aan de hand van de periodes dat de persoon een uitkering ontvangt. De aanvangdatum is de datum waarop de eerste uitkeringsperiode begint en zolang de uitkeringsperiodes aansluitend zijn verandert de aanvangdatum niet (ook over de jaren heen). Pas wanneer er een onderbreking is van de uitkering en de uitkering meer dan één dag later weer begint, verandert de aanvangsdatum. Die wordt dan gelijk aan de datum waarop de uitkering opnieuw is begonnen. De aanvangsdatum in deze component moet niet gezien worden als aanvang van het recht op de uitkering. Voor het berekenen van de WAO-uitkeringsduur aan de hand van de aanvang van het recht is de variabele AANVANGWAO uit de AOTOTPERSOONJJJJBUSVV daarom beter geschikt, zie ook de toelichting bij het gebruik."
Personen met een arbeidsongeschiktheids (AO)-uitkering,MICAOTOTPERSOONBUS,MICAANVANGWAZ,Begindatum WAZ-uitkering,"De datum (JJJJMMDD) van aanvang van de Wet arbeidsongeschiktheidsverzekering zelfstandigen (WAZ)-uitkering van een persoon wordt bepaald aan de hand van de periodes dat de persoon een uitkering ontvangt. De aanvangdatum is de datum waarop de eerste uitkeringsperiode begint en zolang de uitkeringsperiodes aansluitend zijn verandert de aanvangdatum niet (ook over de jaren heen). Pas wanneer er een onderbreking is van de uitkering en de uitkering meer dan één dag later weer begint, verandert de aanvangsdatum. Die wordt dan gelijk aan de datum waarop de uitkering opnieuw is begonnen. De aanvangsdatum in deze component moet niet gezien worden als aanvang van het recht op de uitkering. Voor het berekenen van de WAZ-uitkeringsduur aan de hand van de aanvang van het recht is de variabele AANVANGWAZ uit de AOTOTPERSOONJJJJBUSVV daarom beter geschikt, zie ook de toelichting bij het gebruik."
Personen met een arbeidsongeschiktheids (AO)-uitkering,MICAOTOTPERSOONBUS,MICAANVANGIVA,Begindatum IVA-uitkering,"De datum (JJJJMMDD) van aanvang van de Inkomensverzekering voor Volledig en Duurzaam Arbeidsongeschikten (IVA)-uitkering van een persoon wordt bepaald aan de hand van de periodes dat de persoon een uitkering ontvangt. De aanvangdatum is de datum waarop de eerste uitkeringsperiode begint en zolang de uitkeringsperiodes aansluitend zijn verandert de aanvangsdatum niet (ook over de jaren heen). Pas wanneer er een onderbreking is van de uitkering en de uitkering meer dan één dag later weer begint, verandert de aanvangsdatum. Die wordt dan gelijk aan de datum waarop de uitkering opnieuw is begonnen. De aanvangsdatum in deze component moet niet gezien worden als aanvang van het recht op de uitkering. Voor het berekenen van de IVA-uitkeringsduur aan de hand van de aanvang van het recht is de variabele AANVANGIVA uit de AOTOTPERSOONJJJJBUSVV daarom beter geschikt, zie ook de toelichting bij het gebruik."
Personen met een Algemene Ouderdomswet (AOW)-uitkering,MICAOWPERSOONBUS,MICAANVANGAOW,Begindatum AOW-uitkering,"De datum van aanvang van de Algemene ouderdomswet (AOW)-uitkering van een persoon wordt bepaald aan de hand van de periodes dat de persoon een uitkering ontvangt. De aanvangdatum is de datum waarop de eerste uitkeringsperiode begint en zolang de uitkeringsperiodes aansluitend zijn verandert de aanvangdatum niet (ook over de jaren heen). Pas wanneer er een onderbreking is van de uitkering en de uitkering meer dan één dag later weer begint, verandert de aanvangsdatum. Die wordt dan gelijk aan de datum waarop de uitkering opnieuw is begonnen."
Personen met een bijstandsuitkering,MICBIJSTANDPERSOONBUS,MICAANVANGBIJSTANDBBZ,Begindatum BIJSTANDBBZ-uitkering,"De datum van aanvang van de BBZ-uitkering van een persoon wordt bepaald aan de hand van de periodes dat de persoon een uitkering ontvangt. De aanvangsdatum is de datum waarop de eerste uitkeringsperiode begint en zolang de uitkeringsperiodes aansluitend zijn verandert de aanvangsdatum niet (ook over de jaren heen). Pas wanneer er een onderbreking is van de uitkering en de uitkering meer dan één dag later weer begint, verandert de aanvangsdatum. Die wordt dan gelijk aan de datum waarop de uitkering opnieuw is begonnen. De aanvangsdatum in deze component moet niet gezien worden als aanvang van het recht op de uitkering. Voor het berekenen van de BBZ-uitkeringsduur aan de hand van de aanvang van het recht is de variabele AANVANGBBZ uit de BIJSTANDPERSOONJJJJBUSVV daarom beter geschikt, zie ook de toelichting bij het gebruik."
Personen met een bijstandsuitkering,MICBIJSTANDPERSOONBUS,MICAANVANGIOAZ,Begindatum IOAZ-uitkering,"De datum van aanvang van de IOAZ-uitkering van een persoon wordt bepaald aan de hand van de periodes dat de persoon een uitkering ontvangt. De aanvangsdatum is de datum waarop de eerste uitkeringsperiode begint en zolang de uitkeringsperiodes aansluitend zijn verandert de aanvangsdatum niet (ook over de jaren heen). Pas wanneer er een onderbreking is van de uitkering en de uitkering meer dan één dag later weer begint, verandert de aanvangsdatum. Die wordt dan gelijk aan de datum waarop de uitkering opnieuw is begonnen. De aanvangsdatum in deze component moet niet gezien worden als aanvang van het recht op de uitkering. Voor het berekenen van de IOAZ-uitkeringsduur aan de hand van de aanvang van het recht is de variabele AANVANGIOAZ uit de BIJSTANDPERSOONJJJJBUSVV daarom beter geschikt, zie ook de toelichting bij het gebruik."
Personen met een bijstandsuitkering,MICBIJSTANDPERSOONBUS,MICAANVANGBIJSTANDADRESLOOS,Begindatum BIJSTANDADRESLOOS-uitkering,"Datum van aanvang van de bijstandsuitkering als adresloze. De datum van aanvang van de bijstandsuitkering als adresloze van een persoon wordt bepaald aan de hand van de periodes dat de persoon een uitkering ontvangt. De aanvangsdatum is de datum waarop de eerste uitkeringsperiode begint en zolang de uitkeringsperiodes aansluitend zijn verandert de aanvangsdatum niet (ook over de jaren heen). Pas wanneer er een onderbreking is van de uitkering en de uitkering meer dan één dag later weer begint, verandert de aanvangsdatum. Die wordt dan gelijk aan de datum waarop de uitkering opnieuw is begonnen. De aanvangsdatum in deze component moet niet gezien worden als aanvang van het recht op de uitkering. Voor het berekenen van de BIJSTANDADRESLOOS-uitkeringsduur aan de hand van de aanvang van het recht is de variabele AANVANGBIJSTANDADRESLOOS uit de BIJSTANDPERSOONJJJJBUSVV daarom beter geschikt, zie ook de toelichting bij het gebruik."
Personen met een bijstandsuitkering,MICBIJSTANDPERSOONBUS,MICAANVANGBIJSTAND,Begindatum BIJSTAND-uitkering,"Datum van aanvang van de bijstandsuitkering van een persoon krachtens de (geldende) bijstandswet; niet zijnde bijstand aan eldersverzorgde of adresloze en niet zijnde uitkeringen krachtens de WWIK, de IOAW, de IOAZ of het BBZ). De datum van aanvang van de bijstandsuitkering van een persoon wordt bepaald aan de hand van de periodes dat de persoon een uitkering ontvangt. De aanvangsdatum is de datum waarop de eerste uitkeringsperiode begint en zolang de uitkeringsperiodes aansluitend zijn verandert de aanvangsdatum niet (ook over de jaren heen). Pas wanneer er een onderbreking is van de uitkering en de uitkering meer dan één dag later weer begint, verandert de aanvangsdatum. Die wordt dan gelijk aan de datum waarop de uitkering opnieuw is begonnen. De aanvangsdatum in deze component moet niet gezien worden als aanvang van het recht op de uitkering. Voor het berekenen van de BIJSTAND-uitkeringsduur aan de hand van de aanvang van het recht is de variabele AANVANGBIJSTAND uit de BIJSTANDPERSOONJJJJBUSVV daarom beter geschikt, zie ook de toelichting bij het gebruik."
Personen met een bijstandsuitkering,MICBIJSTANDPERSOONBUS,MICAANVANGBIJSTANDELDERSVERZ,Begindatum BIJSTANDELDERSVERZ-uitkering,"Datum van aanvang van de bijstandsuitkering als eldersverzorgde. De datum van aanvang van de bijstandsuitkering als eldersverzorgde van een persoon wordt bepaald aan de hand van de periodes dat de persoon een uitkering ontvangt. De aanvangsdatum is de datum waarop de eerste uitkeringsperiode begint en zolang de uitkeringsperiodes aansluitend zijn verandert de aanvangsdatum niet (ook over de jaren heen). Pas wanneer er een onderbreking is van de uitkering en de uitkering meer dan één dag later weer begint, verandert de aanvangsdatum. Die wordt dan gelijk aan de datum waarop de uitkering opnieuw is begonnen. De aanvangsdatum in deze component moet niet gezien worden als aanvang van het recht op de uitkering. Voor het berekenen van de BIJSTANDELDERSVERZ-uitkeringsduur aan de hand van de aanvang van het recht is de variabele AANVANGBIJSTANDELDERSVERZ uit de BIJSTANDPERSOONJJJJBUSVV daarom beter geschikt, zie ook de toelichting bij het gebruik."
Personen met een bijstandsuitkering,MICBIJSTANDPERSOONBUS,MICAANVANGIOAW,Begindatum IOAW-uitkering,"De datum van aanvang van de IOAW-uitkering van een persoon wordt bepaald aan de hand van de periodes dat de persoon een uitkering ontvangt. De aanvangsdatum is de datum waarop de eerste uitkeringsperiode begint en zolang de uitkeringsperiodes aansluitend zijn verandert de aanvangsdatum niet (ook over de jaren heen). Pas wanneer er een onderbreking is van de uitkering en de uitkering meer dan één dag later weer begint, verandert de aanvangsdatum. Die wordt dan gelijk aan de datum waarop de uitkering opnieuw is begonnen. De aanvangsdatum in deze component moet niet gezien worden als aanvang van het recht op de uitkering. Voor het berekenen van de IOAW-uitkeringsduur aan de hand van de aanvang van het recht is de variabele AANVANGIOAW uit de BIJSTANDPERSOONJJJJBUSVV daarom beter geschikt, zie ook de toelichting bij het gebruik."
Personen met een bijstandsuitkering,MICBIJSTANDPERSOONBUS,MICAANVANGWWIK,Begindatum WWIK-uitkering,"De datum van aanvang van de WWIK-uitkering van een persoon wordt bepaald aan de hand van de periodes dat de persoon een uitkering ontvangt. De aanvangsdatum is de datum waarop de eerste uitkeringsperiode begint en zolang de uitkeringsperiodes aansluitend zijn verandert de aanvangsdatum niet (ook over de jaren heen). Pas wanneer er een onderbreking is van de uitkering en de uitkering meer dan één dag later weer begint, verandert de aanvangsdatum. Die wordt dan gelijk aan de datum waarop de uitkering opnieuw is begonnen. De aanvangsdatum in deze component moet niet gezien worden als aanvang van het recht op de uitkering. Voor het berekenen van de WWIK-uitkeringsduur aan de hand van de aanvang van het recht is de variabele AANVANGWWIK uit de BIJSTANDPERSOONJJJJBUSVV daarom beter geschikt, zie ook de toelichting bij het gebruik."
Personen met een Werkloosheidswet (WW)-uitkering,MICWWPERSOONBUS,MICAANVANGWW,Begindatum WW-uitkering,"De datum (JJJJMMDD) van aanvang van de werkloosheidsuitkering (ontslagwerkeloosheid) van een persoon wordt bepaald aan de hand van de periodes dat de persoon een uitkering ontvangt. De aanvangsdatum is de datum waarop de eerste uitkeringsperiode begint en zolang de uitkeringsperiodes aansluitend zijn verandert de aanvangsdatum niet (ook over de jaren heen). Pas wanneer er een onderbreking is van de uitkering en de uitkering meer dan één dag later weer begint, verandert de aanvangsdatum. Die wordt dan gelijk aan de datum waarop de uitkering opnieuw is begonnen. De aanvangsdatum in deze component moet niet gezien worden als aanvang van het recht op de uitkering. Voor het berekenen van de WW-uitkeringsduur aan de hand van de aanvang van het recht is de variabele AANVANGWW uit de WWPERSOONJJJJBUSVV daarom beter geschikt, zie ook de toelichting bij het gebruik."
Migratiemotieven van immigranten met de buitenlandse nationaliteit,MIGMOTIEFBUS,EINDEMIGMOTIEFDATUM,Datum vertrek uit Nederland,"Emigratie: Vertrek van personen naar het buitenland. Men wordt uitgeschreven indien de verwachte verblijfsduur in het buitenland ten minste acht maanden bedraagt. Het gaat hier steeds om de aan de gemeente gemelde emigratie. Administratieve afvoering: Verwijdering van een persoon uit het gemeentelijke bevolkingsregister van een gemeente nadat de gemeente heeft vastgesteld dat de verblijfplaats van deze persoon niet bekend is, deze persoon niet bereikbaar is en waarschijnlijk geen inwoner meer is van een Nederlandse gemeente. Een administratieve afvoering is meestal het gevolg van het vertrek van een persoon naar het buitenland zonder dat deze de gemeente hiervan op de hoogte heeft gesteld."
Migratiemotieven van immigranten met de buitenlandse nationaliteit,MIGMOTIEFBUS,AANVANGMIGMOTIEFDATUM,Datum vestiging in Nederland,"Immigratie: Vestiging van personen vanuit het buitenland in Nederland. Om als immigrant te kunnen worden geteld dienen deze personen ingeschreven te worden in de gemeentelijke bevolkingsregisters. Men wordt ingeschreven als men verwacht minimaal vier maanden in Nederland te blijven. Administratieve opneming: Opneming van een persoon in de bevolkingsregisters van een gemeente op verzoek van de betrokkene. Deze opneming is niet het gevolg van geboorte, immigratie of vestiging van die persoon vanuit een andere gemeente in Nederland. Een administratieve opneming is meestal een hervestiging van een persoon die eerder administratief is afgevoerd en die verklaart nooit uit Nederland te zijn weggeweest."
Add-on geneesmiddelen en Overig Zorgproduct-stollingsfactoren verstrekt in de Medisch Specialistische Zorg,MSZDGADDONGENEESMVEKTTAB,VEKTMSZDatumDG,De datum waarop een geneesmiddel verstrekt is.,Format: JJJJMMDD.
Geleverd zorgprofiel bij gesloten Diagnose Behandeling Combinatie-subtrajecten in de Medisch Specialistische Zorg,MSZGELEVERDZORGPROFIELTAB,MSZGZPZorgactiviteitDatum,Datum waarop de Zorgactiviteit wordt uitgevoerd.,Format YYYYMMDD
Overige Zorgproducten in de Medisch Specialistische Zorg,MSZOVERIGEZORGPRODUCTENTAB,MSZOZPVerrichtingdatum,Datum van de verrichting,"Format YYYYMMDD
MSZVerrichtingdatum"
Geopende Diagnose Behandeling Combinatie-prestaties in de Medisch Specialistische Zorg,MSZPRESTATIESVEKTTAB,VEKTMSZEinddatumPrest,Einddatum van zorgprestatie.,"Datum waarop de zorgprestatie is beëindigd, als de zorgprestatie betrekking heeft op meerdere dagen.
Format:YYYYMMDD."
Geopende Diagnose Behandeling Combinatie-prestaties in de Medisch Specialistische Zorg,MSZPRESTATIESVEKTTAB,VEKTMSZEinddatumZT,Datum waarop het zorgtraject eindigt.,Einddatum van het zorgtraject; in format: YYYYMMDD. Wanneer een patiënt met een zorgvraag in behandeling komt bij een (poort-)specialisme in de medisch specialistische zorg wordt een zorgtraject geopend en een subtraject. Het zorgtraject loopt gedurende het gehele controletraject van de specifieke zorgvraag. Een zorgtraject bevat één of meerdere subtrajecten.
Geopende Diagnose Behandeling Combinatie-prestaties in de Medisch Specialistische Zorg,MSZPRESTATIESVEKTTAB,VEKTMSZBegindatumPrest,Begindatum van zorgprestatie.,"Datum waarop de zorgprestatie feitelijk is uitgevoerd. Als de uitgevoerde zorgprestatie betrekking heeft op meerdere dagen dan is het de begindatum.
Format: YYYYMMDD."
Geopende Diagnose Behandeling Combinatie-prestaties in de Medisch Specialistische Zorg,MSZPRESTATIESVEKTTAB,VEKTMSZBEGINJAARPREST,Beginjaar zorgprestatie.,format YYYY.
Geopende Diagnose Behandeling Combinatie-prestaties in de Medisch Specialistische Zorg,MSZPRESTATIESVEKTTAB,VEKTMSZBegindatumZT,Datum waarop het zorgtraject begint.,Begindatum van het zorgtraject; in format: YYYYMMDD. Wanneer een patiënt met een zorgvraag in behandeling komt bij een (poort-)specialisme in de medisch specialistische zorg wordt een zorgtraject geopend en een subtraject. Het zorgtraject loopt gedurende het gehele controletraject van de specifieke zorgvraag. Een zorgtraject bevat één of meerdere subtrajecten.
Gesloten Diagnose Behandeling Combinatie-subtrajecten in de Medisch Specialistische Zorg,MSZSUBTRAJECTENTAB,MSZSTRBegindatumDBC,Begindatum van DBC,"Begindatum van de DBC; in format: YYYYMMDD
De begindatum van een subtraject is de datum waarop de eerste activiteit plaatsvindt na het openen van het zorgtraject (subtraject met zorgtype 11 of 13), de datum van het (eerste) polikliniekbezoek of de dag na het afsluiten van het vorige subtraject (subtrajecten met zorgtype 21)."
Gesloten Diagnose Behandeling Combinatie-subtrajecten in de Medisch Specialistische Zorg,MSZSUBTRAJECTENTAB,MSZSTREinddatumDBC,Einddatum van DBC,"Einddatum van de DBC; in format: YYYYMMDD
Dit is de datum waarop het subtraject wordt afgesloten."
Zorgactiviteiten bij geopende Diagnose Behandeling Combinatie-subtrajecten in de Medisch Specialistische Zorg in het peiljaar,MSZZORGACTIVITEITENVEKTTAB,VEKTMSZBEGINJAARPREST,Beginjaar zorgprestatie.,format YYYY.
Zorgactiviteiten bij geopende Diagnose Behandeling Combinatie-subtrajecten in de Medisch Specialistische Zorg in het peiljaar,MSZZORGACTIVITEITENVEKTTAB,VEKTMSZZorgactiviteitdatum,De datum waarop een zorgactiviteit is uitgevoerd.,Format YYYYMMDD.
Nationaal Cohortonderzoek Onderwijs met stabiele demografische achtergrondgegevens van de PO en VO cohorten,NCOACHTERGRONDSTABIEL,GEBDATUM,Geboortedatum,Bij deze variabele gaat het vanuit privacyoverwegingen steeds om de eerste dag van de maand.
N Gemeentecode Standplaats,NGEMSTPLBUS,AANVNGEMSTPL,Aanvangsdatum gemeente standplaats,"Beschrijving van de operationalisering: Voor de verslagjaren 1999-2005 is de aanvangsdatum geldigheid altijd gelijk aan de aanvangsdatum van de baan. Gegeven de resolutie van de broninformatie kan dit gegeven binnen een verslagjaar niet wijzigen.
Eenheid: Baan (BAANID)
Historie: Beschikbaar vanaf verslagjaar 1999"
Nationaliteit van personen die niet zijn ingeschreven in de Gemeentelijke Basisadministratie Persoonsgegevens,NIETGBANATIONALITEITBUS,AANVANGNATIONALITEIT,Datum aanvang nationaliteit niet-GBA persoon,Nationaliteit is het wettelijk onderdaan zijn van een bepaalde staat (staatsburgerschap).
Nationaliteit van personen die niet zijn ingeschreven in de Gemeentelijke Basisadministratie Persoonsgegevens,NIETGBANATIONALITEITBUS,EINDENATIONALITEIT,Datum beëindiging nationaliteit niet-GBA persoon,Nationaliteit is het wettelijk onderdaan zijn van een bepaalde staat (staatsburgerschap).
Persoonskenmerken van personen die niet zijn ingeschreven in de Gemeentelijke Basisadministratie Persoonsgegevens (INACTIEF),NIETGBAPERSOONTAB,NIETGBAGEBMND,Geboortemaand niet-GBA persoon,Het betreft de geboortemaand zoals waargenomen in de bron.
Persoonskenmerken van personen die niet zijn ingeschreven in de Gemeentelijke Basisadministratie Persoonsgegevens (INACTIEF),NIETGBAPERSOONTAB,NIETGBAGEBJAAR,Geboortejaar niet-GBA persoon,Het betreft het geboortejaar zoals waargenomen in de bron.
Persoonskenmerken van personen die niet zijn ingeschreven in de Gemeentelijke Basisadministratie Persoonsgegevens (INACTIEF),NIETGBAPERSOONTAB,NIETGBAGEBDAG,Geboortedag niet-GBA persoon,Geboortedag binnen een maand van een persoon. Geboortedag staat om beveiligingsredenen op 01.
Persoonskenmerken van personen die niet zijn ingeschreven in de Gemeentelijke Basisadministratie Persoonsgegevens,NIETGBAPERSOONTAB,NIETGBAGEBJAAR,Geboortejaar niet-GBA persoon,Het betreft het geboortejaar zoals waargenomen in de bron.
Persoonskenmerken van personen die niet zijn ingeschreven in de Gemeentelijke Basisadministratie Persoonsgegevens,NIETGBAPERSOONTAB,NIETGBAGEBDAG,Geboortedag niet-GBA persoon,Geboortedag binnen een maand van een persoon. Geboortedag staat om beveiligingsredenen op 01.
Persoonskenmerken van personen die niet zijn ingeschreven in de Gemeentelijke Basisadministratie Persoonsgegevens,NIETGBAPERSOONTAB,NIETGBAGEBMND,Geboortemaand niet-GBA persoon,Het betreft de geboortemaand zoals waargenomen in de bron.
Niet-natuurlijke doodsoorzaken van inwoners van Nederland,NNDTAB,Ongtijd,Ongevalstijdstip,Het tijdstip waarop volgens politie het ongeval plaats vond.
Niet-natuurlijke doodsoorzaken van inwoners van Nederland,NNDTAB,Datumongeval,Datum van het ongeval,"Datum van ongeval, met JJJJMMDD, bijvoorbeeld 20131224 voor 24 december 2013."
Ziekte-episodes van cliënten van huisartspraktijken deelnemend aan Nivel Zorgregistraties Eerste Lijn,NZREPISODETAB,NZRlaatstecontact,Datum van het laatste deelcontact binnen de ziekte-episode,"Een ziekte-episode bestaat uit één of meer contacten met de huisarts voor dezelfde klacht of ziekte.
Er is geen directe relatie tussen het aantal episodes en het aantal huisartscontacten van een persoon. Een episode kan bestaan uit één of meer contacten met de huisarts over een langere periode, terwijl tijdens een contact met de huisarts meerdere onderwerpen aan de orde kunnen komen die tot verschillende episodes behoren."
Ziekte-episodes van cliënten van huisartspraktijken deelnemend aan Nivel Zorgregistraties Eerste Lijn,NZREPISODETAB,NZReerstecontact,Datum van het eerste deelcontact binnen de ziekte-episode,"Een ziekte-episode bestaat uit één of meer contacten met de huisarts voor dezelfde klacht of ziekte.
Er is geen directe relatie tussen het aantal episodes en het aantal huisartscontacten van een persoon. Een episode kan bestaan uit één of meer contacten met de huisarts over een langere periode, terwijl tijdens een contact met de huisarts meerdere onderwerpen aan de orde kunnen komen die tot verschillende episodes behoren."
Ziekte-episodes van cliënten van huisartspraktijken deelnemend aan Nivel Zorgregistraties Eerste Lijn,NZREPISODETAB,NZRlaatsteprescriptie,Datum van de laatste prescriptie binnen de ziekte-episode,Datum van de laatste prescriptie door de huisarts binnen de ziekte-episode.
Ziekte-episodes van cliënten van huisartspraktijken deelnemend aan Nivel Zorgregistraties Eerste Lijn,NZREPISODETAB,NZReinddatum,Einddatum van de ziekte-episode,"Een ziekte-episode eindigt wanneer de ziekte is genezen of wanneer de patiënt is overleden. Bij chronische ziekten wordt een episode niet afgesloten, maar blijven personen voor die diagnose over de jaren heen meetellen tot de patiënt overlijdt. Episodes van ziekten of aandoeningen waarvan de patiënt kan genezen worden automatisch afgesloten als er gedurende een vastgestelde periode voor deze aandoening geen contact meer is geweest met de huisarts. Deze afsluitperiode (of klachtenvrije periode) verschilt per type aandoening en varieert tussen 4 weken en 1 jaar na het laatste contact. De einddatum van de ziekte-episode wordt vervolgens vastgesteld op de datum van het laatste contact plus de helft van de afsluitperiode."
Ziekte-episodes van cliënten van huisartspraktijken deelnemend aan Nivel Zorgregistraties Eerste Lijn,NZREPISODETAB,NZRstartdatum,Startdatum van de ziekte-episode,Een ziekte-episode gaat van start op het moment dat een patiënt voor het eerst met een klacht bij de huisarts komt of contact opneemt.
Ziekte-episodes van cliënten van huisartspraktijken deelnemend aan Nivel Zorgregistraties Eerste Lijn,NZREPISODETAB,NZReersteprescriptie,Datum van de eerste prescriptie binnen de ziekte-episode,Datum van de eerste prescriptie door de huisarts binnen de ziekte-episode.
Ziekte-episodes van cliënten van huisartspraktijken deelnemend aan Nivel Zorgregistraties Eerste Lijn,NZREPISODETAB,NZRlaatsteprescriptie,Datum van de laatste prescriptie binnen de ziekte-episode,Datum van de laatste prescriptie door de huisarts binnen de ziekte-episode. Vanaf verslagjaar 2018 is deze variabele niet meer aangeleverd door Nivel.
Ziekte-episodes van cliënten van huisartspraktijken deelnemend aan Nivel Zorgregistraties Eerste Lijn,NZREPISODETAB,NZReersteprescriptie,Datum van de eerste prescriptie binnen de ziekte-episode,Datum van de eerste prescriptie door de huisarts binnen de ziekte-episode. Vanaf verslagjaar 2018 is deze variabele niet meer aangeleverd door Nivel.
Ziekte-episodes van cliënten van huisartspraktijken deelnemend aan Nivel Zorgregistraties Eerste Lijn,NZREPISODETAB,NZReerstecontact,Datum van het eerste deelcontact binnen de ziekte-episode,"Een ziekte-episode bestaat uit één of meer contacten met de huisarts voor dezelfde klacht of ziekte.
Er is geen directe relatie tussen het aantal episodes en het aantal huisartscontacten van een persoon. Een episode kan bestaan uit één of meer contacten met de huisarts over een langere periode, terwijl tijdens een contact met de huisarts meerdere onderwerpen aan de orde kunnen komen die tot verschillende episodes behoren. Vanaf verslagjaar 2018 is deze variabele niet meer aangeleverd door Nivel."
Ziekte-episodes van cliënten van huisartspraktijken deelnemend aan Nivel Zorgregistraties Eerste Lijn,NZREPISODETAB,NZRlaatstecontact,Datum van het laatste deelcontact binnen de ziekte-episode,"Een ziekte-episode bestaat uit één of meer contacten met de huisarts voor dezelfde klacht of ziekte.
Er is geen directe relatie tussen het aantal episodes en het aantal huisartscontacten van een persoon. Een episode kan bestaan uit één of meer contacten met de huisarts over een langere periode, terwijl tijdens een contact met de huisarts meerdere onderwerpen aan de orde kunnen komen die tot verschillende episodes behoren. Vanaf verslagjaar 2018 is deze variabele niet meer aangeleverd door Nivel."
Contacten met de huisarts van cliënten van huisartspraktijken deelnemend aan Nivel Zorgregistraties Eerste Lijn,NZRVERRICHTINGTAB,NZRverrichtdatum,Datum van het contact,Datum van het gedeclareerde contact met de huisartspraktijk.
Kenmerken van inschrijvingen in diverse onderwijssoorten,ONDERWIJSINSCHRTAB,EINDINSCHR,Datum waarop de leerling/student is uitgeschreven,"Het betreft de werkelijke datum uitschrijving, gecorrigeerd voor overledenen. Het is de laatste datum waarop de inschrijving werkelijk actief was. Voor de inschrijvingen in het HO is de dag in de datum, vanwege ontbrekende gegevens, op de laatste dag van de maand vastgesteld. 
De datum van de uitschrijving is gecorrigeerd voor de personen die volgens de GBA (CKP) zijn overleden vóór de originele datum van uitschrijving. De gecorrigeerde datum uitschrijving is dan gelijk aan de overlijdensdatum."
Kenmerken van inschrijvingen in diverse onderwijssoorten,ONDERWIJSINSCHRTAB,AANVINSCHR,Datum waarop de leerling/student is ingeschreven,"Voor wat betreft het VO, MBO en VE is het de datum van inschrijving bij de betreffende school danwel instelling. Met betrekking tot het HO is het de datum van inschrijving voor de betreffende opleiding in het betreffende studiejaar. 
De in de datum vermelde dag is voor alle inschrijvingen in het HO, vanwege ontbrekende gegevens, op de 15e vastgesteld. Uitzondering hierop vormen de inschrijvingen met aanvangsmaand oktober, van deze inschrijvingen is de aanvangsdag de 1ste van de maand (oktober)."
Kenmerken van inschrijvingen in diverse onderwijssoorten,ONDERWIJSINSCHRTAB,EINDINSCHR,Datum waarop de leerling/student is uitgeschreven,Het betreft de werkelijke datum uitschrijving. Vóór ONDERWIJSINSCHR2019TABV3 werd in het ho de datum uitschrijving altijd op de laatste dag van de maand gezet. Aan iedereen met een uitschrijving in de maand augustus werd code 99999999 toegekend. Vanaf ONDERWIJSINSCHR2019TABV3 wordt de werkelijke datum uitschrijving overgenomen van DUO. Code 99999999 wordt alleen nog toegekend aan studenten met datum uitschrijving is 31 augustus.
Kenmerken van inschrijvingen in diverse onderwijssoorten,ONDERWIJSINSCHRTAB,AANVINSCHR,Datum waarop de leerling/student is ingeschreven,"Voor wat betreft het VO, MBO en VE is het de datum van inschrijving bij de betreffende school dan wel instelling. 
Met betrekking tot het HO is het de datum van inschrijving voor de betreffende opleiding in het betreffende studiejaar. Vanaf ONDERWIJSINSCHR2019TABV3 wordt de werkelijke datum inschrijving overgenomen van DUO. Voorheen werd de datum inschrijving altijd halverwege de maand, op de 15e gezet, met uitzondering van op 1 oktober geldige inschrijvingen met aanvangsmaand oktober; deze werden op de 1ste van de maand (oktober) gezet."
Maandbedragen van personen met een Oorlogs-en verzetspensioen,OORLVERZETPERSOONMNDBEDRAGBUS,EINDMNDBEDRAGOORLVERZET,Einde geldigheidsperiode attributen,Datum (JJJJMMDD) tot welke de waarde van de variabelen geldig zijn
Maandbedragen van personen met een Oorlogs-en verzetspensioen,OORLVERZETPERSOONMNDBEDRAGBUS,AANVMNDBEDRAGOORLVERZET,Aanvang geldigheidsperiode attributen,Datum (JJJJMMDD) vanaf welke de waarde van de variabelen geldig zijn
Personen met inkomsten uit overige arbeid,OVARBEIDBUS,AANVANGDATUMOVARBEID,Aanvangsdatum van inkomsten uit overige arbeid,"Het gegeven is gebaseerd op de Inkomstenaangifte. Omdat hierin de aanvangdatum niet wordt aangegeven, wordt verondersteld dat men op 1 januari van het jaar waarover aangifte werd gedaan actief was. De aanvangdatum is dus altijd 1 januari. Als een persoon een aantal jaren opeenvolgend actief was wordt de aanvangdatum gelijkgesteld aan 1 januari van het eerste jaar van de reeks. Aangezien aangiftegegevens beschikbaar zijn vanaf 2001, ligt de aanvangdatum nooit vóór 1 januari 2001. 

VB 1. Een persoon heeft in 2001, 2002, 2003 en 2004 aangifte gedaan van inkomsten uit overige arbeid. De aanvangdatum wordt 1 januari 2001.

VB 2. Een persoon heeft in 1999, 2000, 2001 en 2002 aangifte gedaan van inkomsten uit overige arbeid.De aanvangdatum wordt 1 januari 2001 omdat over de eerdere verslagjaren geen aangiftegegevens beschikbaar zijn.

VB 3. Een persoon heeft in 2001, 2002, 2004 en 2005 aangifte gedaan van inkomsten uit overige arbeid. De aanvangdatum van de eerste periode wordt 1 januari 2001, de aanvangdatum van de tweede periode wordt 1 januari 2004."
Onderzoek Verplaatsingen in Nederland bevat gegevens over verplaatsingen op Nederlands grondgebied van personen woonachtig in Nederland.,OVIN,BAankMin,Aankomstminuut beroepsmatige verplaatsing,"Voor een beroepsmatige verplaatsing, is dit het laatste tijdstip van het werk. Beroepsmatige verplaatsingen worden gemaakt door bijvoorbeeld pakketbezorgers, taxichauffeurs et cetera. Voor beroepsmatige verplaatsingen wordt de start- en stoptijd van het werk gevraagd en de totale afgelegde afstand. Er wordt dan dus niet naar de afzonderlijke verplaatsingen gevraagd."
Onderzoek Verplaatsingen in Nederland bevat gegevens over verplaatsingen op Nederlands grondgebied van personen woonachtig in Nederland.,OVIN,BVertMin,Vertrekminuut beroepsmatige verplaatsing,"Voor een beroepsmatige verplaatsing, is dit het starttijdstip van het werk. Beroepsmatige verplaatsingen worden gemaakt door bijvoorbeeld pakketbezorgers, taxichauffeurs et cetera. Voor beroepsmatige verplaatsingen wordt de start- en stoptijd van het werk gevraagd en de totale afgelegde afstand. Er wordt dan dus niet naar de afzonderlijke verplaatsingen gevraagd."
Onderzoek Verplaatsingen in Nederland bevat gegevens over verplaatsingen op Nederlands grondgebied van personen woonachtig in Nederland.,OVIN,Actduur,Activiteitsduur (in minuten),De activiteitsduur is de tijd besteed aan het doel van de verplaatsing wanneer men op de plaats van bestemming is aangekomen. Bijvoorbeeld aan winkelen.
Onderzoek Verplaatsingen in Nederland bevat gegevens over verplaatsingen op Nederlands grondgebied van personen woonachtig in Nederland.,OVIN,BAankUur,Aankomstuur beroepsmatige verplaatsing,"Voor een beroepsmatige verplaatsing, is dit het laatste tijdstip van het werk. Beroepsmatige verplaatsingen worden gemaakt door bijvoorbeeld pakketbezorgers, taxichauffeurs et cetera. Voor beroepsmatige verplaatsingen wordt de start- en stoptijd van het werk gevraagd en de totale afgelegde afstand. Er wordt dan dus niet naar de afzonderlijke verplaatsingen gevraagd."
Onderzoek Verplaatsingen in Nederland bevat gegevens over verplaatsingen op Nederlands grondgebied van personen woonachtig in Nederland.,OVIN,Bouwjaar,Bouwjaar van de woning,Als de onderzoekspersoon hoofdgebruiker is van een auto is het bouwjaar uitgevraagd.
Onderzoek Verplaatsingen in Nederland bevat gegevens over verplaatsingen op Nederlands grondgebied van personen woonachtig in Nederland.,OVIN,BVertUur,Vertrekuur beroepsmatige verplaatsing,"Voor een beroepsmatige verplaatsing, is dit het starttijdstip van het werk. Beroepsmatige verplaatsingen worden gemaakt door bijvoorbeeld pakketbezorgers, taxichauffeurs et cetera. Voor beroepsmatige verplaatsingen wordt de start- en stoptijd van het werk gevraagd en de totale afgelegde afstand. Er wordt dan dus niet naar de afzonderlijke verplaatsingen gevraagd."
Onderzoek Verplaatsingen in Nederland bevat gegevens over verplaatsingen op Nederlands grondgebied van personen woonachtig in Nederland.,OVIN2012,Bouwjaar,Bouwjaar van de woning,Als de onderzoekspersoon hoofdgebruiker is van een auto is het bouwjaar uitgevraagd.
Onderzoek Verplaatsingen in Nederland bevat gegevens over verplaatsingen op Nederlands grondgebied van personen woonachtig in Nederland.,OVIN2012,BAankUur,Aankomstuur beroepsmatige verplaatsing,"Voor een beroepsmatige verplaatsing, is dit het laatste tijdstip van het werk. Beroepsmatige verplaatsingen worden gemaakt door bijvoorbeeld pakketbezorgers, taxichauffeurs et cetera. Voor beroepsmatige verplaatsingen wordt de start- en stoptijd van het werk gevraagd en de totale afgelegde afstand. Er wordt dan dus niet naar de afzonderlijke verplaatsingen gevraagd."
Onderzoek Verplaatsingen in Nederland bevat gegevens over verplaatsingen op Nederlands grondgebied van personen woonachtig in Nederland.,OVIN2012,BVertUur,Vertrekuur beroepsmatige verplaatsing,"Voor een beroepsmatige verplaatsing, is dit het starttijdstip van het werk. Beroepsmatige verplaatsingen worden gemaakt door bijvoorbeeld pakketbezorgers, taxichauffeurs et cetera. Voor beroepsmatige verplaatsingen wordt de start- en stoptijd van het werk gevraagd en de totale afgelegde afstand. Er wordt dan dus niet naar de afzonderlijke verplaatsingen gevraagd."
Onderzoek Verplaatsingen in Nederland bevat gegevens over verplaatsingen op Nederlands grondgebied van personen woonachtig in Nederland.,OVIN2012,Actduur,Activiteitsduur (in minuten),De activiteitsduur is de tijd besteed aan het doel van de verplaatsing wanneer men op de plaats van bestemming is aangekomen. Bijvoorbeeld aan winkelen.
Onderzoek Verplaatsingen in Nederland bevat gegevens over verplaatsingen op Nederlands grondgebied van personen woonachtig in Nederland.,OVIN2012,BVertMin,Vertrekminuut beroepsmatige verplaatsing,"Voor een beroepsmatige verplaatsing, is dit het starttijdstip van het werk. Beroepsmatige verplaatsingen worden gemaakt door bijvoorbeeld pakketbezorgers, taxichauffeurs et cetera. Voor beroepsmatige verplaatsingen wordt de start- en stoptijd van het werk gevraagd en de totale afgelegde afstand. Er wordt dan dus niet naar de afzonderlijke verplaatsingen gevraagd."
Onderzoek Verplaatsingen in Nederland bevat gegevens over verplaatsingen op Nederlands grondgebied van personen woonachtig in Nederland.,OVIN2012,BAankMin,Aankomstminuut beroepsmatige verplaatsing,"Voor een beroepsmatige verplaatsing, is dit het laatste tijdstip van het werk. Beroepsmatige verplaatsingen worden gemaakt door bijvoorbeeld pakketbezorgers, taxichauffeurs et cetera. Voor beroepsmatige verplaatsingen wordt de start- en stoptijd van het werk gevraagd en de totale afgelegde afstand. Er wordt dan dus niet naar de afzonderlijke verplaatsingen gevraagd."
Onderzoek Verplaatsingen in Nederland bevat gegevens over verplaatsingen op Nederlands grondgebied van personen woonachtig in Nederland.,OVIN2013,BVertUur,Vertrekuur beroepsmatige verplaatsing,"Voor een beroepsmatige verplaatsing, is dit het starttijdstip van het werk. Beroepsmatige verplaatsingen worden gemaakt door bijvoorbeeld pakketbezorgers, taxichauffeurs et cetera. Voor beroepsmatige verplaatsingen wordt de start- en stoptijd van het werk gevraagd en de totale afgelegde afstand. Er wordt dan dus niet naar de afzonderlijke verplaatsingen gevraagd."
Onderzoek Verplaatsingen in Nederland bevat gegevens over verplaatsingen op Nederlands grondgebied van personen woonachtig in Nederland.,OVIN2013,Actduur,Activiteitsduur (in minuten),De activiteitsduur is de tijd besteed aan het doel van de verplaatsing wanneer men op de plaats van bestemming is aangekomen. Bijvoorbeeld aan winkelen.
Onderzoek Verplaatsingen in Nederland bevat gegevens over verplaatsingen op Nederlands grondgebied van personen woonachtig in Nederland.,OVIN2013,BVertMin,Vertrekminuut beroepsmatige verplaatsing,"Voor een beroepsmatige verplaatsing, is dit het starttijdstip van het werk. Beroepsmatige verplaatsingen worden gemaakt door bijvoorbeeld pakketbezorgers, taxichauffeurs et cetera. Voor beroepsmatige verplaatsingen wordt de start- en stoptijd van het werk gevraagd en de totale afgelegde afstand. Er wordt dan dus niet naar de afzonderlijke verplaatsingen gevraagd."
Onderzoek Verplaatsingen in Nederland bevat gegevens over verplaatsingen op Nederlands grondgebied van personen woonachtig in Nederland.,OVIN2013,BAankMin,Aankomstminuut beroepsmatige verplaatsing,"Voor een beroepsmatige verplaatsing, is dit het laatste tijdstip van het werk. Beroepsmatige verplaatsingen worden gemaakt door bijvoorbeeld pakketbezorgers, taxichauffeurs et cetera. Voor beroepsmatige verplaatsingen wordt de start- en stoptijd van het werk gevraagd en de totale afgelegde afstand. Er wordt dan dus niet naar de afzonderlijke verplaatsingen gevraagd."
Onderzoek Verplaatsingen in Nederland bevat gegevens over verplaatsingen op Nederlands grondgebied van personen woonachtig in Nederland.,OVIN2013,Bouwjaar,Bouwjaar van de woning,Als de onderzoekspersoon hoofdgebruiker is van een auto is het bouwjaar uitgevraagd.
Onderzoek Verplaatsingen in Nederland bevat gegevens over verplaatsingen op Nederlands grondgebied van personen woonachtig in Nederland.,OVIN2013,BAankUur,Aankomstuur beroepsmatige verplaatsing,"Voor een beroepsmatige verplaatsing, is dit het laatste tijdstip van het werk. Beroepsmatige verplaatsingen worden gemaakt door bijvoorbeeld pakketbezorgers, taxichauffeurs et cetera. Voor beroepsmatige verplaatsingen wordt de start- en stoptijd van het werk gevraagd en de totale afgelegde afstand. Er wordt dan dus niet naar de afzonderlijke verplaatsingen gevraagd."
Maandbedragen van personen met een overige uitkering,OVUITKMNDBEDRAGBUS,EINDOVUITKMNDBEDRAG,Einde overige uitkering,"Dit veld geeft samen met het veld AANVOVUITKMNDBEDRAG, de geldigheidsduur weer van attributen van de AOW uitkering"
Maandbedragen van personen met een overige uitkering,OVUITKMNDBEDRAGBUS,AANVOVUITKMNDBEDRAG,Aanvang overige uitkering,"Dit veld geeft samen met het veld EINDOVUITKMNDBEDRAG, de geldigheidsduur weer van attributen van de AOW uitkering"
Personen met een overige uitkering,OVUITKPERSOONBUS,AANVANGWACHTGELD,Begindatum Wachtgeld,"De datum van aanvang van het Wachtgeld van een persoon wordt bepaald aan de hand van de periodes dat de persoon een uitkering ontvangt. De aanvangdatum is de datum waarop de eerste uitkeringsperiode begint en zolang de uitkeringsperiodes aansluitend zijn verandert de aanvangdatum niet (ook over de jaren heen). Pas wanneer er een onderbreking is van de uitkering en de uitkering meer dan één dag later weer begint, verandert de aanvangsdatum. Die wordt dan gelijk aan de datum waarop de uitkering opnieuw is begonnen."
Personen met een overige uitkering,OVUITKPERSOONBUS,AANVANGZIEKTEWET,Begindatum Ziektewet-uitkering,"De datum  van aanvang van de Ziektewet-uitkering van een persoon wordt bepaald aan de hand van de periodes dat de persoon een uitkering ontvangt. De aanvangdatum is de datum waarop de eerste uitkeringsperiode begint en zolang de uitkeringsperiodes aansluitend zijn verandert de aanvangdatum niet (ook over de jaren heen). Pas wanneer er een onderbreking is van de uitkering en de uitkering meer dan één dag later weer begint, verandert de aanvangsdatum. Die wordt dan gelijk aan de datum waarop de uitkering opnieuw is begonnen."
Personen met een overige uitkering,OVUITKPERSOONBUS,AANVANGRESTOVUITK,Begindatum andere overige uitkering,"De datum van aanvang van de andere overige uitkering van een persoon wordt bepaald aan de hand van de periodes dat de persoon een uitkering ontvangt. De aanvangdatum is de datum waarop de eerste uitkeringsperiode begint en zolang de uitkeringsperiodes aansluitend zijn verandert de aanvangdatum niet (ook over de jaren heen). Pas wanneer er een onderbreking is van de uitkering en de uitkering meer dan één dag later weer begint, verandert de aanvangsdatum. Die wordt dan gelijk aan de datum waarop de uitkering opnieuw is begonnen. Onder de andere overige uitkeringen vallen uitkeringen volgens de Fibase (Fiscale database t/m 2005) / Polisadministratie (vanaf 2006) die niet zijn opgenomen in de AO-, BIJSTAND-, ANW-, AOW-, en overige Pensioen-uitkeringen. AO staat voor  uitkeringen in het kader van de arbeidsongeschiktheidsregelingen, Bijstand voor uitkeringen in het kader van de (geldende) Bijstandswet, ANW voor uitkeringen in het kader van de Algemene nabestaandenwet, en AOW voor uitkeringen in het kader van de Algemene ouderdomswet."
Persoonsidentificatiegegevens van alle in de Gemeentelijke Basisadministratie Persoonsgegevens (GBA) ingeschreven personen die op één adres met een partner een (samenwonend) paar vormen,PARTNERBUS,AANVANGPARTNER,Datum aanvang van samenwonen,"Begindatum van samenwonen van een paar waartoe een persoon behoort of behoord heeft. Als een persoon voor de eerste keer met een partner een samenwonend paar vormt, wordt de variabele 'Datum aanvang van samenwonen van een paar' ingevuld. 
Als een persoon een volgende keer met een (andere) partner een samenwonend paar vormt, wordt een nieuw record aangemaakt met een nieuwe begindatum (Datum aanvang van samenwonen van een paar) van het (nieuwe) samenwonende paar. Een persoon kan meerdere begindata hebben. Perioden van samenwonen hoeven niet op elkaar aan te sluiten."
Persoonsidentificatiegegevens van alle in de Gemeentelijke Basisadministratie Persoonsgegevens (GBA) ingeschreven personen die op één adres met een partner een (samenwonend) paar vormen,PARTNERBUS,EINDEPARTNER,Datum einde van samenwonen,"Einddatum van samenwonen van een paar waartoe een persoon behoort of behoord heeft. 

Als de samenwoonrelatie eindigt, wordt de variabele 'Datum einde van samenwonen van een paar' ingevuld. 

Perioden van samenwonen hoeven niet op elkaar aan te sluiten."
Eigenschappen van pensioenaanspraken Ouderdomspensioen analysebestand (extern),PENSIOENAANSPRAAKJJJJANA,GBAGEBOORTEJAAR,Geboortejaar,Geboortejaar zoals vastgelegd in de gemeentelijke bevolkingsregisters
Eigenschappen van pensioenaanspraken Ouderdomspensioen analysebestand,PENSIOENAANSPRAAKJJJJANA,GBAGEBOORTEJAAR,Geboortejaar,Geboortejaar zoals vastgelegd in de gemeentelijke bevolkingsregisters
Eigenschappen van pensioenaanspraken Ouderdomspensioen analysebestand,PENSIOENAANSPRAAKOPJJJJANA,GBAGEBOORTEJAAR,Geboortejaar,Geboortejaar zoals vastgelegd in de gemeentelijke bevolkingsregisters
Maandbedragen van personen met nabestaandenpensioen,PENSNABESTPERSOONMNDBEDRAGBUS,AANVMNDBEDRAGPENSNABEST,Aanvang geldigheidsperiode attributen,Datum (JJJJMMDD) vanaf welke de waarde van de variabelen geldig zijn
Maandbedragen van personen met nabestaandenpensioen,PENSNABESTPERSOONMNDBEDRAGBUS,EINDMNDBEDRAGPENSNABEST,Einde geldigheidsperiode attributen,Datum (JJJJMMDD) tot welke de waarde van de variabelen geldig zijn
Maandbedragen van personen met een pensioenuitkering anders dan AOW of ANW,PENSOVMNDBEDRAGBUS,AANVPENSOVMNDBEDRAG,Aanvang overige pensioen uitkering,"Dit veld geeft samen met het veld EINDGELDIGHEID, de geldigheidsduur weer van attributen van de ANW uitkering"
Maandbedragen van personen met een pensioenuitkering anders dan AOW of ANW,PENSOVMNDBEDRAGBUS,EINDPENSOVMNDBEDRAG,Einde overige pensioen uitkering,"Dit veld geeft samen met het veld BEIGNGELDIGHEID, de geldigheidsduur weer van attributen van de ANW uitkering"
Personen met een pensioenuitkering anders dan AOW of ANW,PENSOVPERSOONBUS,AANVANGRESTPENS,"Begindatum Overige pensioen, lijfrente enz.","De datum van aanvang van de uitkering van een persoon wordt bepaald aan de hand van de periodes dat de persoon een uitkering ontvangt. De aanvangsdatum is de datum waarop de eerste uitkeringsperiode begint en zolang de uitkeringsperiodes aansluitend zijn verandert de aanvangsdatum niet (ook over de jaren heen). Pas wanneer er een onderbreking is van de uitkering en de uitkering meer dan één dag later weer begint, verandert de aanvangsdatum. Die wordt dan gelijk aan de datum waarop de uitkering opnieuw is begonnen. 
De aanvang van de uitkering werd voor het verslagjaar 1999 (het eerste SSB-jaar voor deze uitkering) bepaald op basis van de aanvang van de reguliere betalingen van dat jaar (dus lag nooit voor 1999). De aanvang is longitudinaal consistent gemaakt.

Zie voor bijzonderheden, achtergronden en andere informatie de omschrijving van de PENSOVPERSOONJJJJBUSVV-component"
Personen met een pensioenuitkering anders dan AOW of ANW,PENSOVPERSOONBUS,AANVANGOORLVERZPENS,Begindatum Oorlogs- en verzetpensioen,"De datum van aanvang van de uitkering van een persoon wordt bepaald aan de hand van de periodes dat de persoon een uitkering ontvangt. De aanvangsdatum is de datum waarop de eerste uitkeringsperiode begint en zolang de uitkeringsperiodes aansluitend zijn verandert de aanvangsdatum niet (ook over de jaren heen). Pas wanneer er een onderbreking is van de uitkering en de uitkering meer dan één dag later weer begint, verandert de aanvangsdatum. Die wordt dan gelijk aan de datum waarop de uitkering opnieuw is begonnen. 
De aanvang van de uitkering werd voor het verslagjaar 1999 (het eerste SSB-jaar voor deze uitkering) bepaald op basis van de aanvang van de reguliere betalingen van dat jaar (dus lag nooit voor 1999). De aanvang is longitudinaal consistent gemaakt.

Zie voor bijzonderheden, achtergronden en andere informatie de omschrijving van de PENSOVPERSOONJJJJBUSVV-component."
"Maandbedragen van personen met een pensioen anders dan AOW, ANW of oorlogs- en verzetspensioen",PENSOVPERSOONMNDBEDRAGBUS,EINDMNDBEDRAGPENSOV,Einde geldigheidsperiode attributen,Datum (JJJJMMDD) tot welke de waarde van de variabelen geldig zijn
"Maandbedragen van personen met een pensioen anders dan AOW, ANW of oorlogs- en verzetspensioen",PENSOVPERSOONMNDBEDRAGBUS,AANVMNDBEDRAGPENSOV,Aanvang geldigheidsperiode attributen,Datum (JJJJMMDD) vanaf welke de waarde van de variabelen geldig zijn
Maandbedragen van personen met tweede pijler pensioen,PENSPIJLER2PERSOONMNDBEDRAGBUS,EINDMNDBEDRAGPENSPIJLTWEE,Einde geldigheidsperiode attributen,Datum (JJJJMMDD) tot welke de waarde van de variabelen geldig zijn
Maandbedragen van personen met tweede pijler pensioen,PENSPIJLER2PERSOONMNDBEDRAGBUS,AANVMNDBEDRAGPENSPIJLTWEE,Aanvang geldigheidsperiode attributen,Datum (JJJJMMDD) vanaf welke de waarde van de variabelen geldig zijn
Maandbedragen van personen met derde pijler pensioen,PENSPIJLER3PERSOONMNDBEDRAGBUS,EINDMNDBEDRAGPENSPIJLDRIE,Einde geldigheidsperiode attributen,Datum (JJJJMMDD) tot welke de waarde van de variabelen geldig zijn
Maandbedragen van personen met derde pijler pensioen,PENSPIJLER3PERSOONMNDBEDRAGBUS,AANVMNDBEDRAGPENSPIJLDRIE,Aanvang geldigheidsperiode attributen,Datum (JJJJMMDD) vanaf welke de waarde van de variabelen geldig zijn
Personen met een toegekend PGB voor AWBZ- of Wlz-zorg,PGBAWBZTAB,EINDPGBAWBZ,Einddatum toegekend PGB JJJJMMDD,"Datum van einde toegekend PGB, zoals vermeld in de PGB toekenning."
Personen met een toegekend PGB voor AWBZ- of Wlz-zorg,PGBAWBZTAB,BEGINPGBAWBZ,Begindatum toegekend PGB JJJJMMDD,"Datum van ingang toegekend PGB, zoals vermeld in de PGB  toekenning."
"Personen met een besteed PGB ten laste van Wlz, Wmo 2015 en Jeugdwet",PGBWLZWMOJWTAB,EINDDECLPGB,Einddatum van de declaratie JJJJMMDD,Datum van einde van de declaratie vanuit het persoonsgebonden budget
"Personen met een besteed PGB ten laste van Wlz, Wmo 2015 en Jeugdwet",PGBWLZWMOJWTAB,BEGINDECLPGB,Begindatum van de declaratie JJJJMMDD,Datum van ingang van de declaratie vanuit het persoonsgebonden budget
"Personen met een besteed PGB ten laste van Wlz, Wmo 2015 en Jeugdwet",PGBWLZWMOJWTAB,EINDBUDGPGB,Einddatum van het persoonsgebonden budget JJJJMMDD,Datum van einde van het persoonsgebonden budget
"Personen met een besteed PGB ten laste van Wlz, Wmo 2015 en Jeugdwet",PGBWLZWMOJWTAB,BEGINBUDGPGB,Begindatum van het persoonsgebonden budget JJJJMMDD,Datum van ingang van het persoonsgebonden budget
Adreskenmerken van personen die in de bevolkingsregisters van Caribisch Nederland ingeschreven (hebben ge)staan,PIVAADRESOBJECTBUS,PIVADATUMAANVANGADRESHOUDING,Datum aanvang adresbewoning persoon,"Datum zoals vastgelegd in de bevolkingsregisters van Caribisch Nederland.

PIVA:
Persoonsinformatievoorziening Nederlandse Antillen en Aruba."
Adreskenmerken van personen die in de bevolkingsregisters van Caribisch Nederland ingeschreven (hebben ge)staan,PIVAADRESOBJECTBUS,PIVADATUMEINDEADRESHOUDING,Datum beeïndiging adresbewoning persoon,"Datum zoals vastgelegd in de bevolkingsregisters van Caribisch Nederland.

PIVA:
Persoonsinformatievoorziening Nederlandse Antillen en Aruba.
De eilanden Bonaire, Sint Eustatius en Saba (Caribisch Nederland) zijn sinds 10 oktober 2010 als openbaar lichaam onderdeel van het Nederlandse staatsbestel. 
In Caribisch Nederland wordt - naar het voorbeeld van de gemeentelijke bevolkingsadministratie in Nederland - een geautomatiseerde bevolkingsadministratie bijgehouden, waarbij van iedere ingeschrevene gegevens worden vastgelegd op een persoonslijst.
Sinds 10 oktober 2010 geldt voor Caribisch Nederland de verplichting om gegevens te verstrekken aan overheidsorganen buiten het openbaar lichaam."
Burgerlijke staat van personen die in de bevolkingsregisters van Caribisch Nederland ingeschreven (hebben ge)staan,PIVABURGERLIJKESTAATBUS,PIVAAANVANGBURGERLIJKESTAAT,Datum waarop een burgerlijke staat van de persoon is ingegaan.,"Betreft de datum zoals vastgelegd in de Persoonsinformatievoorziening Nederlandse Antillen en Arubae (PIVA).
Burgerlijke staat: Formele positie van een persoon waarbij wordt verwezen naar het huwelijk en het geregistreerd partnerschap.
Huwelijk: Wettelijke verbintenis tot het samenleven van twee personen. Sinds april 2001 staat het huwelijk ook open voor personen van hetzelfde geslacht.
Geregistreerd partnerschap: Een op het huwelijk lijkende relatie tussen twee personen van gelijk of van verschillend geslacht, vastgelegd in een akte van de Burgerlijke Stand. Per 1 januari 1998 is in Nederland het geregistreerd partnerschap ingevoerd."
Burgerlijke staat van personen die in de bevolkingsregisters van Caribisch Nederland ingeschreven (hebben ge)staan,PIVABURGERLIJKESTAATBUS,PIVAEINDEBURGERLIJKESTAAT,Datum waarop een burgerlijke staat van de persoon is beëindigd.,"Betreft de datum zoals vastgelegd in de Persoonsinformatievoorziening Nederlandse Antillen en Aruba (PIVA).
Burgerlijke staat: Formele positie van een persoon waarbij wordt verwezen naar het huwelijk en het geregistreerd partnerschap.
Huwelijk: Wettelijke verbintenis tot het samenleven van twee personen. Sinds april 2001 staat het huwelijk ook open voor personen van hetzelfde geslacht.
Geregistreerd partnerschap: Een op het huwelijk lijkende relatie tussen twee personen van gelijk of van verschillend geslacht, vastgelegd in een akte van de Burgerlijke Stand. Per 1 januari 1998 is in Nederland het geregistreerd partnerschap ingevoerd."
"Migratiekenmerken van alle in het bevolkingsregister van Caribisch Nederland ingeschreven personen, gecoördineerd",PIVAMIGRATIEBUS,PIVAAANVANGMIGRATIEDATUM,Datum waarop migratieperiode is begonnen.,Datum zoals vastgelegd in de PIVA.
"Migratiekenmerken van alle in het bevolkingsregister van Caribisch Nederland ingeschreven personen, gecoördineerd",PIVAMIGRATIEBUS,PIVAEINDEMIGRATIEDATUM,Datum waarop migratieperiode is beëindigd.,"Datum waarop een migratiebeweging (immigratie, emigratie, administratieve afvoering of administratieve opneming) 'eindigt'. Dit is het geval als de persoon een nieuwe migratiebeweging maakt. Datum zoals vastgelegd in de PIVA."
Nationaliteitskenmerken van alle personen die in de bevolkingsregisters van Caribisch Nederland ingeschreven (hebben ge)staan,PIVANATIONALITEITBUS,PIVADATUMAANVANGNATIONALITEIT,Datum aanvang nationaliteitencombinatie persoon JJJJMMDD,"Datum zoals vastgelegd in de bevolkingsregisters van Caribisch Nederland (PIVA). 
Nationaliteit(en)combinatie: combinatie van nationaliteit 1 van de persoon en eventueel nationaliteit 2 van de persoon. 
Nationaliteit is het wettelijk onderdaan zijn van een bepaalde staat (staatsburgerschap)."
Nationaliteitskenmerken van alle personen die in de bevolkingsregisters van Caribisch Nederland ingeschreven (hebben ge)staan,PIVANATIONALITEITBUS,PIVADATUMEINDENATIONALITEIT,Datum beëindiging nationaliteitencombinatie persoon JJJJMMDD,"Datum zoals vastgelegd in de bevolkingsregisters van Caribisch Nederland (PIVA). 
Nationaliteit(en)combinatie: combinatie van nationaliteit 1 van de persoon en eventueel nationaliteit 2 van de persoon. 
Nationaliteit is het wettelijk onderdaan zijn van een bepaalde staat (staatsburgerschap)."
"Datum van overlijden van in de bevolkingsregisters van Caribisch Nederland ingeschreven personen, gecoördineerd",PIVAOVERLIJDENTAB,PIVADATUMOVERLIJDEN,Datum van overlijden,Datum zoals vastgelegd in de PIVA.
"Persoonskenmerken van alle in de bevolkingsregister van Caribisch Nederland ingeschreven personen, gecoördineerd",PIVAPERSOONTAB,PIVAGEBOORTEDAGMOEDER,Geboortedag van de moeder,Geboortedag staat om beveiligingsredenen op 01.
"Persoonskenmerken van alle in de bevolkingsregister van Caribisch Nederland ingeschreven personen, gecoördineerd",PIVAPERSOONTAB,PIVAGEBOORTEJAARVADER,Geboortejaar van de vader,Geboortejaar zoals vastgelegd in de bevolkingsregisters van Caribisch Nederland.
"Persoonskenmerken van alle in de bevolkingsregister van Caribisch Nederland ingeschreven personen, gecoördineerd",PIVAPERSOONTAB,PIVAGEBOORTEDAG,Geboortedag,Geboortedag staat om beveiligingsredenen op 01.
"Persoonskenmerken van alle in de bevolkingsregister van Caribisch Nederland ingeschreven personen, gecoördineerd",PIVAPERSOONTAB,PIVAGEBOORTEJAARMOEDER,Geboortejaar van de moeder,Geboortejaar zoals vastgelegd in de bevolkingsregisters van Caribisch Nederland.
"Persoonskenmerken van alle in de bevolkingsregister van Caribisch Nederland ingeschreven personen, gecoördineerd",PIVAPERSOONTAB,PIVAGEBOORTEDAGVADER,Geboortedag van de vader,Geboortedag staat om beveiligingsredenen op 01.
"Persoonskenmerken van alle in de bevolkingsregister van Caribisch Nederland ingeschreven personen, gecoördineerd",PIVAPERSOONTAB,PIVAGEBOORTEJAAR,Geboortejaar,Geboortejaar zoals vastgelegd in de bevolkingsregisters van Caribisch Nederland.
Banen en lonen op basis van de Polisadministratie.,POLISBUS,AANVBUS,Datum aanvang inkomstenopgave,"Het gaat hier om de datum zoals die ligt in de verslagperiode, een datum buiten de verslagperiode wordt niet weergegeven. De datum kan ook betrekking hebben op het begin van de verslagperiode. Zo kan 1 januari een echte begindatum zijn, maar ook betrekking hebben op het begin van de verslagperiode."
Banen en lonen op basis van de Polisadministratie.,POLISBUS,EINDBUS,Datum einde inkomstenopgave,"Het gaat hier om de datum zoals die ligt in de verslagperiode, een datum buiten de verslagperiode wordt niet weergegeven. De datum kan ook betrekking hebben op het einde van de verslagperiode. Zo kan 31 december een echte einddatum zijn, maar ook betrekking hebben op het einde van de verslagperiode."
Banen en lonen op basis van de Polisadministratie.,POLISBUS,DATUMAANVANGIKVORG,Originele datum aanvang inkomstenverhouding zoals opgegeven in de loonaangifte,"Het veld bevat de originele aanvangsdatum van de inkomstenverhouding zoals opgegeven in de loonaangifte. In het proces van de SWL (Statistiek Werkgelegenheid en Lonen) worden de begin- en einddatums begrensd door het kalenderjaar en daarbinnen eventueel door de existentie van het loonheffingennummer. Het gaat hier dus om de datum zoals die ligt in de verslagperiode, een datum buiten de verslagperiode wordt niet weergegeven. De datum kan ook betrekking hebben op het begin van de verslagperiode. Zo kan 1 januari een echte begindatum zijn, maar ook betrekking hebben op het begin van de verslagperiode."
Banen en lonen op basis van de Polisadministratie.,POLISBUS,DATUMAANVANGIKV,Datum aanvang inkomstenverhouding of aanvang verslagperiode,"De exacte dag waarop de inkomstenverhouding ingaat. Deze variabele zou overeen moeten komen met 'het begin van een baan', zoals in de loonaangifte gedefinieerd door de combinatie van BSN (burgerservicenummer), loonheffingennummer en volgnummer inkomstenverhouding."
Banen en lonen op basis van de Polisadministratie.,POLISBUS,DATUMEINDEIKV,De einddatum van de inkomstenverhouding,"De exacte dag waarop de inkomstenverhouding (=unieke baan/persoon combinatie) eindigt. Deze variabele zou overeen moeten komen met 'het einde van een baan', zoals in de loonaangifte gedefinieerd door de combinatie van BSN (burgerservicenummer), loonheffingennummer en volgnummer inkomstenverhouding."
Hoofdbaan van werknemers op basis van Polisadministratie.,POLISHOOFDBAANBUS,AANVANGHBAAN,AANVANGHBAAN,"Het gaat hier om de datum zoals die ligt in de verslagperiode bij aanvang van de hoofdbaan.
Deze variabele geeft, samen met de variabele EINDEHBAAN, de geldigheidsperiode van een hoofdbaan weer binnen de verslagperiode.
Deze datum kan ingegeven worden door de aanvang van een baan, maar ook door beëindiging van een andere, simultane baan met een hoger basisloon."
Hoofdbaan van werknemers op basis van Polisadministratie.,POLISHOOFDBAANBUS,EINDEHBAAN,EINDEHBAAN,"Het gaat hier om de datum zoals die ligt in de verslagperiode bij het einde van de hoofdbaan.
Deze variabele geeft, samen met de variabele AANVANGHBAAN, de geldigheidsperiode van een hoofdbaan weer binnen de verslagperiode. 
Deze datum kan ingegeven worden door beëindiging van een baan, maar ook door aanvang van een andere, simultane baan met een hoger basisloon."
Re-integratie- en participatievoorzieningen op grond van de Participatiewet,PWETSRGVOORZIENINGTAB,EinddatumVoorzieningP,Einddatum voorziening,"De einddatum van de voorziening is de laatste dag waarop de ingezette re-integratie-/participatievoorziening van toepassing was. In dit kenmerk mag door de gemeente geen verwachte einddatum worden ingevuld, alleen maar een gerealiseerde einddatum.
Wanneer er geen einddatum is ingevuld, was de voorziening per ultimo van de verslagperiode nog niet beëindigd."
Re-integratie- en participatievoorzieningen op grond van de Participatiewet,PWETSRGVOORZIENINGTAB,BegindatumVoorzieningP,Begindatum voorziening,"Datum waarop de re-integratie-/participatievoorziening daadwerkelijk is gestart. 
Als een voorziening niet start, worden hierover ook geen gegevens aangeleverd. Daarom moet deze variabele altijd ingevuld zijn."
Re-integratie- en participatievoorzieningen op grond van de Participatiewet,PWETSRGVOORZIENINGTAB,EinddatumVoorzieningP,Einddatum voorziening,"De einddatum van de voorziening is de laatste dag waarop de ingezette re-integratie-/participatievoorziening van toepassing was. In dit kenmerk mag door de gemeente geen verwachte einddatum worden ingevuld, alleen maar een gerealiseerde einddatum.
Wanneer er geen einddatum is ingevuld, was de voorziening per ultimo van de verslagperiode nog niet beëindigd. Indien de einddatum is gewijzigd in het transactiesysteem dan wijkt deze variabele af van de variabele EinddatumVoorzieningOrg. Indien de voorziening vertraagd is aangeleverd dan is deze variabele gevuld met de waarde uit de donormaand en de variabele EinddatumVoorzieningOrg is leeg."
Re-integratie- en participatievoorzieningen op grond van de Participatiewet,PWETSRGVOORZIENINGTAB,BegindatumVoorzieningP,Begindatum voorziening,"Datum waarop de re-integratie-/participatievoorziening daadwerkelijk is gestart. 
Als een voorziening niet start, worden hierover ook geen gegevens aangeleverd. Indien de begindatum is gewijzigd in het transactiesysteem dan wijkt deze variabele af van de variabele BegindatumVoorzieningOrg. Indien de voorziening vertraagd is aangeleverd dan is deze variabele gevuld met de waarde uit de donormaand en de variabele BegindatumVoorzieningOrg is leeg."
Re-integratie- en participatievoorzieningen op grond van de Participatiewet,PWETSRGVOORZIENINGTAB,BegindatumVoorzieningOrg,Begindatum voorziening origineel,"Datum waarop de re-integratie-/participatievoorziening daadwerkelijk is gestart, zoals door de berichtgever aangeleverd. 
Als een voorziening niet start, worden hierover ook geen gegevens aangeleverd. Als de voorziening vertraagd is aangeleverd dan is deze variabele leeg."
Re-integratie- en participatievoorzieningen op grond van de Participatiewet,PWETSRGVOORZIENINGTAB,EinddatumVoorzieningOrg,Einddatum voorziening origineel,"Datum waarop de re-integratie-/participatievoorziening daadwerkelijk is beëindig, zoals door de berichtgever aangeleverd. De einddatum van de voorziening is de laatste dag waarop de ingezette re-integratie-/participatievoorziening van toepassing was. In dit kenmerk mag door de gemeente geen verwachte einddatum worden ingevuld, alleen maar een gerealiseerde einddatum.
Wanneer er geen einddatum is ingevuld, was de voorziening per ultimo van de verslagperiode nog niet beëindigd
Als de voorziening vertraagd is aangeleverd dan is deze variabele leeg."
Motorvoertuigenpark met kenmerken van voertuigen op kentekenniveau.,RDWNPACTTAB,EERSTETOELDAT1VRTG,Datum eerste toelating voertuig,"Jaarnotatie (JJJJ). De datum is bedoeld om zo goed mogelijk de 'leeftijd' van het betreffende voertuig aan te geven. De Datum eerste toelating voertuig geldt als startpunt voor de Belasting op Personenauto's en Motorrijwielen (BPM), bepaling Algemene Periodieke Keuring -plicht (APK) en de te hanteren technische eisen, waarbij de oudste datum prevaleert. De EERSTE betekenis komt overeen met de Datum eerste inschrijving voertuig, terwijl er met een verwijzing onder 'bijzonderheden' naar gerefereerd werd (sinds 1 jan 1995 tot 1 juni 1999). De twee volgende betekenissen zijn 3 december 1992 ingegaan waarbij de datum onder 'bijzonderheden' op het kentekenbewijs werd vermeld (tot 1 juni 1999). Op het huidige kentekenbewijs wordt dit gegeven vermeld onder de rubriek 'B. Datum eerste toelating'."
Maandbedragen van personen met een overige uitkering,RESTUITKPERSOONMNDBEDRAGBUS,EINDMNDBEDRAGRESTUITK,Einde geldigheidsperiode attributen,Datum (JJJJMMDD) tot welke de waarde van de variabelen geldig zijn
Maandbedragen van personen met een overige uitkering,RESTUITKPERSOONMNDBEDRAGBUS,AANVMNDBEDRAGRESTUITK,Aanvang geldigheidsperiode attributen,Datum (JJJJMMDD) vanaf welke de waarde van de variabelen geldig zijn
Rustpunt2 bestand Polisadministratie,RP2POLISBUS,RDATEINDIKV,De einddatum van de inkomstenverhouding,De datum die door de inhoudingsplichtige is opgegeven als einddatum van de inkomstenverhouding.
Rustpunt2 bestand Polisadministratie,RP2POLISBUS,RDATAANVIKV,Datum aanvang inkomstenverhouding,De datum die door de inhoudingsplichtige is opgegeven als aanvangsdatum van de inkomstenverhouding.
Rustpunt2 bestand Polisadministratie,RP2POLISBUS,RDATAANVIKO,Datum aanvang inkomstenopgave,"Het gaat hier om de datum zoals die ligt in de verslagmaand, een datum buiten de verslagmaand wordt niet weergegeven. De datum kan ook betrekking hebben op het begin van de verslagmaand. Zo kan 1 maart een echte begindatum zijn, maar ook betrekking hebben op het begin van de verslagmaand."
Rustpunt2 bestand Polisadministratie,RP2POLISBUS,RdataanvangIKV,Datum aanvang inkomstenverhouding,De datum die door de inhoudingsplichtige is opgegeven als aanvangsdatum van de inkomstenverhouding.
Rustpunt2 bestand Polisadministratie,RP2POLISBUS,RdateindeIKV,De einddatum van de inkomstenverhouding,De datum die door de inhoudingsplichtige is opgegeven als einddatum van de inkomstenverhouding.
Structure of Earnings Survey,SES_OUTPUT_DSC,B22,Langlopende schulden,Age (Year of Birth)
Structure of Earnings Survey,SES_OUTPUT_DSC,B26,"Beginbalans belastingen, premies.","De totale anciënniteit in de referentiemaand moet worden gebaseerd op het aantal volle dienstjaren, waarbij ieder tijdstip in de referentiemaand als peildatum in aanmerking kan komen (bv. 1 of 31 oktober). De totale anciënniteit heeft betrekking op het tijdstip waarop de werknemer bij de onderneming in dienst trad, eventueel
bij een andere lokale eenheid. Loopbaanonderbrekingen worden hiervan niet afgetrokken. Bij een fusie van ondernemingen of bij een verandering van eigenaar wordt de anciënniteit opgetekend zoals de onderneming deze heeft berekend.

Length of service in enterprise (in years)"
Banen en lonen op basis van de Polisadministratie,SPOLISBUS,SDATUMAANVANGIKV,Datum aanvang inkomstenverhouding of aanvang verslagperiode,"De exacte dag waarop de inkomstenverhouding ingaat of het begin van de verslagperiode van de component als de inkomstenverhouding voor aanvang van de verslagperiode al bestond. Als de inkomstenverhouding in de loop van het jaar begint, zou deze variabele overeen moeten komen met 'het begin van een baan', zoals in de loonaangifte gedefinieerd door de combinatie van BSN (Burgerservicenummer), loonheffingennummer en volgnummer inkomstenverhouding."
Banen en lonen op basis van de Polisadministratie,SPOLISBUS,SDATUMAANVANGIKO,Datum aanvang inkomstenopgave,"Het gaat hier om de datum zoals die ligt in de verslagmaand, een datum buiten de verslagmaand wordt niet weergegeven. De datum kan ook betrekking hebben op het begin van de verslagmaand. Zo kan 1 maart een echte begindatum zijn, maar ook betrekking hebben op het begin van de verslagmaand."
Banen en lonen op basis van de Polisadministratie,SPOLISBUS,SDATUMEINDEIKO,Datum einde inkomstenopgave,"Het gaat hier om de datum zoals die ligt in de verslagmaand, een datum buiten de verslagmaand wordt niet weergegeven. De datum kan ook betrekking hebben op het einde van de verslagmaand. Zo kan 31 oktober een echte einddatum zijn, maar ook betrekking hebben op het einde van de verslagmaand."
Banen en lonen op basis van de Polisadministratie,SPOLISBUS,SDATUMEINDEIKV,De einddatum van de inkomstenverhouding of einde verslagperiode,"De exacte dag waarop de inkomstenverhouding (=unieke baan/persoon combinatie) eindigt of het einde van de verslagperiode van de component als de inkomstenverhouding aan het einde van de verslagperiode nog bestaat. Als de inkomstenverhouding voor het einde van de verslagperiode eindigt, zou deze variabele overeen moeten komen met 'het einde van een baan', zoals in de loonaangifte gedefinieerd door de combinatie van BSN (Burgerservicenummer),
loonheffingennummer en volgnummer inkomstenverhouding."
Banen en lonen op basis van de Polisadministratie,SPOLISBUS,SDATUMAANVANGIKVORG,Originele datum aanvang inkomstenverhouding zoals opgegeven in de loonaangifte,"Tot en met verslagjaar 2012 gaat het niet om de originele aanvangsdatum, maar om een datum die gelijk is aan SDATUMAANVANGIKV (waarbij de begin- en einddatums begrensd worden door het kalenderjaar en daarbinnen eventueel door de existentie van het loonheffingennummer).
Vanaf verslagjaar 2013 wordt SDATUMAANVANGIKVORG niet meer begrensd door kalenderjaar, maar is het de originele  aanvangsdatum van de inkomstenverhouding zoals die is opgegeven in de loonaangifte. Dit kan de werkelijke aanvangsdatum van de baan zijn. Dit hoeft echter niet als de inhoudingsplichtige een andere dan de werkelijke aanvangsdatum heeft opgegeven."
Banen en lonen op basis van de Polisadministratie,SPOLISBUS,SDATUMEINDEIKV,De einddatum van de inkomstenverhouding of einde verslagperiode,"De exacte dag waarop de inkomstenverhouding (=unieke baan/persoon combinatie) eindigt of het einde van de verslagperiode van de component als de inkomstenverhouding aan het einde van de verslagperiode nog bestaat. Als de inkomstenverhouding voor het einde van de verslagperiode eindigt, zou deze variabele overeen moeten komen met 'het einde van een baan', zoals in de loonaangifte gedefinieerd door de combinatie van BSN (Burgerservicenummer), loonheffingennummer en volgnummer inkomstenverhouding.

Datumnotatie: DDMMJJJJ"
Banen en lonen op basis van de Polisadministratie,SPOLISBUS,SDATUMAANVANGIKVORG,Originele datum aanvang inkomstenverhouding zoals opgegeven in de loonaangifte,"Tot en met verslagjaar 2012 gaat het niet om de originele aanvangsdatum, maar om een datum die gelijk is aan SDATUMAANVANGIKV (waarbij de begin- en einddatums begrensd worden door het kalenderjaar en daarbinnen eventueel door de existentie van het loonheffingennummer).
Vanaf verslagjaar 2013 wordt SDATUMAANVANGIKVORG niet meer begrensd door kalenderjaar, maar is de originele aanvangsdatum van de inkomstenverhouding zoals die is opgegeven in de loonaangifte. Dit kan de werkelijke aanvangsdatum van de baan zijn. Dit hoeft echter niet als de inhoudingsplichtige een andere dan de werkelijke aanvangsdatum heeft opgegeven."
Banen en lonen op basis van de Polisadministratie,SPOLISBUS,SDATUMAANVANGIKV,Datum aanvang inkomstenverhouding of aanvang verslagperiode,"De exacte dag waarop de inkomstenverhouding ingaat of het begin van de verslagperiode van de component als de inkomstenverhouding voor aanvang van de verslagperiode al bestond. Als de inkomstenverhouding in de loop van het jaar begint, zou deze variabele overeen moeten komen met 'het begin van een baan', zoals in de loonaangifte gedefinieerd door de combinatie van BSN (Burgerservicenummer), loonheffingennummer en volgnummer inkomstenverhouding.

Datumnotatie: DDMMJJJJ"
Banen en lonen van werknemers op Caribisch Nederland,SPOLISCNBUS,SVLSDATUITDIENST,Datum einde baan,"Het gaat hier om de datum einde baan zoals die ligt in de verslagperiode. Als de datum einde baan buiten de verslagperiode ligt, wordt het einde van de verslagperiode in deze variabele weergegeven. Zo kan 31 december een echte einddatum zijn, maar ook betrekking hebben op het einde van de verslagperiode."
Banen en lonen van werknemers op Caribisch Nederland,SPOLISCNBUS,SVLSDATINDIENST,Datum begin baan,"Het gaat hier om de datum begin baan zoals die ligt in de verslagperiode. Als de datum begin baan buiten de verslagperiode ligt, wordt het begin van de verslagperiode in deze variabele weergegeven. Zo kan 1 januari een echte begindatum zijn, maar ook betrekking hebben op het begin van de verslagperiode."
Hoofdbaan van werknemers op basis van Polisadministratie,SPOLISHOOFDBAANBUS,SAANVANGHBAAN,SAANVANGHBAAN,"Het gaat hier om de datum zoals die ligt in de verslagperiode bij aanvang van de hoofdbaan.
Deze variabele geeft, samen met de variabele SEINDEHBAAN, de geldigheidsperiode van een hoofdbaan weer binnen de verslagperiode.
Deze datum kan ingegeven worden door de aanvang van een baan, maar ook door beëindiging van een andere, simultane baan met een hoger basisloon."
Hoofdbaan van werknemers op basis van Polisadministratie,SPOLISHOOFDBAANBUS,SEINDEHBAAN,SEINDEHBAAN,"Het gaat hier om de datum zoals die ligt in de verslagperiode bij het einde van de hoofdbaan.
Deze variabele geeft, samen met de variabele SAANVANGHBAAN, de geldigheidsperiode van een hoofdbaan weer binnen de verslagperiode. 
Deze datum kan ingegeven worden door beëindiging van een baan, maar ook door aanvang van een andere, simultane baan met een hoger basisloon."
Personen met een lopend re-integratietraject of een loonkostensubsidie,SRGPERSONENTAB,SRGBegingeldigheid,Begindatum van het re-integratietraject,"Voor de SRG heeft Begingeldigheid twee mogelijke betekenissen:
- Als het re-integratietraject aanvangt in de waarnemingsperiode (deze beslaat een half kalenderjaar) dan is Begingeldigheid gelijk aan de begindatum 
  van het re-integratietraject.
- Als een re-integratietraject al lopend is aan het begin van de waarnemingsperiode (deze beslaat een half kalenderjaar) dan is Begingeldigheid 
  de datum waarop de waarnemingsperiode begint (dit is 1 januari of 1 juli van enig jaar)."
Personen met een lopend re-integratietraject of een loonkostensubsidie,SRGPERSONENTAB,SRGEindgeldigheid,Einddatum van het re-integratietraject,"Voor de SRG heeft Eindgeldigheid twee mogelijke betekenissen:
- Als het re-integratietraject eindigt in de waarnemingsperiode (deze beslaat een half kalenderjaar) dan is Eindgeldigheid gelijk aan de einddatum 
  van het re-integratietraject.
- Als een re-integratietraject al lopend is aan het eind van de waarnemingsperiode (deze beslaat een half kalenderjaar) dan is Eindgeldigheid 
  de datum waarop de waarnemingsperiode eindigt (dit is 30 juni of 31 december van enig jaar)."
Periodes met kenmerken van re-integratieposities van personen,SRGREINTEGRATIEPOSITIEBUS,EinddatumReintegratiePositie,Einddatum re-integratiepositie,"Datum tot wanneer de re-integratiepositie geldig is. De einddatum wordt geconstrueerd uit de begindatum van de volgende re-integratiepositie, indien er een volgende re-integratiepositie aanwezig is. Een einddatum betekent dat er een opvolgende re-integratiepositie is."
Periodes met kenmerken van re-integratieposities van personen,SRGREINTEGRATIEPOSITIEBUS,BegindatumReintegratiePositie,Begindatum re-integratiepositie,Datum waarop de re-integratiepositie is bepaald. Als in één verslagperiode dezelfde positie opvolgend wordt aangeleverd met een nieuwe datum worden deze samengevoegd tot één record met de oudste begindatum.
Periodes met kenmerken van re-integratieposities van personen,SRGREINTEGRATIEPOSITIEBUS,BeginGeldigheidSRGReintegratiepos,Begin geldigheid,"Voor de  Statistiek re-integratie door gemeenten (SRG) kan de begingeldigheid op twee situaties van toepassing zijn:
- Als iemand een nieuwe re-integratiepositie krijgt in de verslagperiode, dan is de begingeldigheid   de begindatum van het record.
- Als een record al lopend is aan het begin van de verslagperiode dan is de begingeldigheid de datum waarop de verslagperiode begint."
Periodes met kenmerken van re-integratieposities van personen,SRGREINTEGRATIEPOSITIEBUS,EindGeldigheidSRGReintegratiepos,Eind geldigheid,"Voor de  Statistiek re-integratie door gemeenten (SRG) kan eindgeldigheid op twee situaties van toepassing zijn:
- Als iemand een nieuwe re-integratiepositie krijgt in de verslagperiode, dan is de eind geldigheid  de begindatum van de volgende re-integratiepositie.
- Als een record nog steeds lopend is aan het einde van de verslagperiode dan is de eindgeldigheid de datum waarop de verslagperiode eindigt."
Re-integratievoorzieningen van personen op grond van de Participatiewet,SRGVOORZIENINGPWETTAB,BegindatumVoorzieningM,Begindatum re-integratievoorziening,"Datum waarop de re-integratievoorziening daadwerkelijk is gestart. 
Als een re-integratievoorziening niet start, worden hierover ook geen gegevens aangeleverd. Daarom moet deze variabele altijd ingevuld zijn."
Re-integratievoorzieningen van personen op grond van de Participatiewet,SRGVOORZIENINGPWETTAB,EinddatumVoorzieningM,Einddatum re-integratievoorziening,"De einddatum van de voorziening is de laatste dag waarop de ingezette voorziening van toepassing was. In dit kenmerk mag door de gemeente geen verwachte einddatum worden ingevuld, alleen maar een gerealiseerde einddatum.
Wanneer er geen einddatum is ingevuld, was de voorziening per ultimo van de verslagperiode nog niet beëindigd."
Re-integratievoorzieningen van personen,SRGVOORZIENINGTAB,BegindatumVoorziening,Begindatum re-integratievoorziening,"Datum waarop de re-integratievoorziening daadwerkelijk is gestart. 
Als een re-integratievoorziening niet start, moet hierover deze ook geen gegevens worden aangeleverd. Daarom moet deze variabele altijd ingevuld zijn."
Re-integratievoorzieningen van personen,SRGVOORZIENINGTAB,EinddatumVoorziening,Einddatum re-integratievoorziening,"De einddatum van de voorziening is de laatste dag waarop de ingezette voorziening van toepassing was. In dit kenmerk mag door de gemeente geen verwachte einddatum worden ingevuld, alleen maar een gerealiseerde einddatum.
Wanneer er geen einddatum is ingevuld, was de voorziening per ultimo van de verslagperiode nog niet beëindigd."
Scholieren en studenten in een kalenderjaar,STUDERENDENBUS,BEGINOPLEIDING,BEGINOPLEIDING,"Dag waarop de opleiding begint. Wanneer de aanvang voor het begin van het kalenderjaar ligt, wordt deze variabele op 1 januari van JJJJ gezet. Wanneer iemand twee of meer opleidingen tegelijkertijd volgt, geeft deze variabele het begin van de periode waarin de huidige opleiding de belangrijkste is."
Scholieren en studenten in een kalenderjaar,STUDERENDENBUS,EINDOPLEIDING,EINDOPLEIDING,"Dag waarop de opleiding eindigt. Wanneer het einde na het eind van het kalenderjaar ligt, wordt deze variabele op 31 december van JJJJ gezet. Wanneer iemand twee of meer opleidingen tegelijkertijd volgt, geeft deze variabele het einde van de periode waarin de huidige opleiding de belangrijkste is."
Maandbedragen studiefinanciering van personen,STUDIEBEURSMNDBEDRAGBUS,BEGINSTUFI,Begindatum situatie,De datum is afgeleid uit informatie over het aantal maanden beurs dat ontvangen is. Vanaf 2007 is er ook bruikbare informatie beschikbaar in het bronbestand over de beginmaand van de beurs in het kalenderjaar.
Maandbedragen studiefinanciering van personen,STUDIEBEURSMNDBEDRAGBUS,EINDSTUFI,Einddatum situatie,De datum is afgeleid uit informatie over het aantal maanden beurs dat ontvangen is. Vanaf 2007 is er ook bruikbare informatie beschikbaar in het bronbestand over de beginmaand van de beurs in het kalenderjaar.
"Werknemers voor wie een ontslagvergunning is verleend door het UWV, op basis van Inkomstenverhouding-id volgens UWV",SUWVONTSLAGVERGUNTAB,SUWVAANVANGMND,Maand aanvang baan,De aanvangsmaand van de baan waarvoor een ontslagvergunning werd aangevraagd volgens de gegevens van de ontslagvergunning
"Werknemers voor wie een ontslagvergunning is verleend door het UWV, op basis van Inkomstenverhouding-id volgens UWV",SUWVONTSLAGVERGUNTAB,SEINDEBAAN,De datum waarop de baan werd beëindigd,Het gaat hier om de datum einde baan van de baan die gematcht is vanuit de SPOLISJJJJBUSVV. Het gegeven is dus overgenomen uit SPOLISJJJJBUSVV.
"Werknemers voor wie een ontslagvergunning is verleend door het UWV, op basis van Inkomstenverhouding-id volgens UWV",SUWVONTSLAGVERGUNTAB,SONTSELECTIECODE,Kwaliteitsaanduiding van geselecteerde baan,"In principe wordt een baan beëindigd nadat een ontslagvergunning is ontvangen en de opzegtermijn in acht is genomen. Daarmee is de meest waarschijnlijke ontslagperiode [1 maand - 5 maanden na afgifte ontslagvergunning]. De empirie laat dit ook zien. Toch valt de enige beëindigde baan van de persoon waarvoor een ontslagvergunning is verkregen soms ver buiten die periode. De match tussen ontslagvergunning en beëindigde baan is dan minder plausibel. De variabele SONTSELECTIECODE geeft daarom de volgende informatie:

geselecteerde baan beeindigd in de periode:
0 t/m 5 maanden na ontslagvergunning
6 t/m 12 maanden na ontslagvergunning
1 t/m 12 maanden voor ontslagvergunning
meer dan 12 maanden verschil (+ en -)"
"Werknemers voor wie een ontslagvergunning is verleend door het UWV, op basis van Inkomstenverhouding-id volgens UWV",SUWVONTSLAGVERGUNTAB,SUWVAANVANGJR,Jaar aanvang baan,Het aanvangsjaar van de baan waarvoor een ontslagvergunning werd aangevraagd volgens de gegevens van de ontslagvergunning
"Schoolverlatersonderzoek (SVO), kenmerken van schoolverlaters die hun vo- of mbo-diploma hebben behaald of die het onderwijs voortijdig hebben verlaten",SVO,SVOVRGSindsMndWG,"En sinds welke maand? Als je de maand niet precies weet, geef dan aan wanneer het ongeveer was.","Als u de maand niet precies weet, wilt u dan schatten."
"Schoolverlatersonderzoek (SVO), kenmerken van schoolverlaters die hun vo- of mbo-diploma hebben behaald of die het onderwijs voortijdig hebben verlaten",SVO,SVOVRGBeginNw,Begindatum bij nieuwe werkkring,dd-mm-jjjj
Personen met inkomsten uit een uitkering uit het buitenland,UITKBUITLANDBUS,AANVANGDATUMUITKBUITLAND,Begindatum uitkering buitenland,"Het gegeven is gebaseerd op de Inkomstenaangifte. Omdat hierin de aanvangdatum niet wordt gegeven, wordt verondersteld dat men vanaf januari van het jaar waarover aangifte werd gedaan de uitkering ontving. De aanvangdatum is dus altijd 1 januari. Als een persoon een aantal jaren opeenvolgend een uitkering ontving wordt de aanvangdatum gelijkgesteld aan  1 januari van het eerste jaar van de reeks. Aangezien aangiftegegevens beschikbaar zijn vanaf 2001, ligt de aanvangdatum nooit vóór 1 januari 2001. 

VB 1. Een persoon heeft in 2001, 2002, 2003 en 2004 aangifte gedaan van een uitkering uit het buitenland. De aanvangdatum wordt 1 januari 2001.

VB 2. Een persoon heeft in 1999, 2000, 2001 en 2002 aangifte gedaan van een uitkering uit het buitenland. De aanvangdatum wordt 1 januari 2001 omdat over de eerdere verslagjaren geen aangiftegegevens beschikbaar zijn.

VB 3. Een persoon heeft in 2001, 2002, 2004 en 2005 aangifte gedaan van een uitkering uit het buitenland. De aanvangdatum van de eerste periode wordt 1 januari 2001, de aanvangdatum van de tweede periode wordt 1 januari 2004."
"Werknemers voor wie een ontslagvergunning is verleend door het UWV, op basis van Inkomstenverhouding-id volgens CBS",UWVONTSLAGVERGUNTAB,ONTSELECTIECODE,Kwaliteitsaanduiding van geselecteerde baan,"In principe wordt een baan beëindigd nadat een ontslagvergunning is ontvangen en de opzegtermijn in acht is genomen. Daarmee is de meest waarschijnlijke ontslagperiode [1 maand - 5 maanden na afgifte ontslagvergunning]. De empirie laat dit ook zien. Toch valt de enige beëindigde baan van de persoon waarvoor een ontslagvergunning is verkregen soms ver buiten die periode. De match tussen ontslagvergunning en beëindigde baan is dan minder plausibel. De variabele ONTSELECTIECODE geeft daarom de volgende informatie:

geselecteerde baan beeindigd in de periode:
0 t/m 5 maanden na ontslagvergunning
6 t/m 12 maanden na ontslagvergunning
1 t/m 12 maanden voor ontslagvergunning
meer dan 12 maanden verschil (+ en -)"
"Werknemers voor wie een ontslagvergunning is verleend door het UWV, op basis van Inkomstenverhouding-id volgens CBS",UWVONTSLAGVERGUNTAB,EINDEBAAN,De datum waarop de baan werd beëindigd,Het gaat hier om de datum einde baan van de baan die gematcht is vanuit de POLISJJJJBUSVV. Het gegeven is dus overgenomen uit POLISJJJJBUSVV.
Overledenen aan een verkeersongeval in Nederland,VKDTAB,VKDOngtijd,Ongevalstijdstip,"Een verkeersongeval is een ongeval welke plaats vond op de openbare weg, waar minimaal 1 rijdend object bij betrokken was en waarbij er tussen ongeval en overlijden minder dan 30 dagen zitten."
Overledenen aan een verkeersongeval in Nederland,VKDTAB,VKDDatumongeval,Datum van het dodelijke verkeersongeval,"Datum van ongeval, met als format JJJJMMDD. Een verkeersongeval is een ongeval welke plaats vond op de openbare weg, waar minimaal 1 rijdend object bij betrokken was en waarbij er tussen ongeval en overlijden minder dan 30 dagen zitten."
"Adreskenmerken van personen die in het Registratie Niet-Ingezetenen (RNI) onderdeel van de gemeentelijke bevolkingsregisters ingeschreven (hebben ge)staan, niet gecoördineerd.",VRLGBAADRESBUITENLANDBUS,VRLGBADATUMEINDEADRESBUITENLAND,Beëindigingsdatum buitenlands adres persoon JJJJMMDD,"Datum zoals vastgelegd in de gemeentelijke bevolkingsregisters.

Als een persoon in de RNI die overlijdt of zich vestigt op een volgend buitenlands adres of ingezetene van Nederland wordt (bijvoorbeeld door immigratie), krijgt een nieuwe gebeurtenisdatum VRLGBADATUMEINDEADRESBUITENLAND. 

Een persoon waarvan de periode van verblijf in het buitenland nog voortduurt heeft als GBADATUMEINDEADRESBUITENLAND de waarde '20501231'"
"Adreskenmerken van personen die in het Registratie Niet-Ingezetenen (RNI) onderdeel van de gemeentelijke bevolkingsregisters ingeschreven (hebben ge)staan, niet gecoördineerd.",VRLGBAADRESBUITENLANDBUS,VRLGBADATUMAANVANGADRESBUITENLAND,Aanvangsdatum buitenlands adres persoon JJJJMMDD,"Datum zoals vastgelegd in de gemeentelijke bevolkingsregisters.

Een persoon in de RNI die een buitenlands adres heeft of zich vestigt op een buitenlands adres of van wie het adres in het buitenland wijzigt heeft als gebeurtenisdatum VRLGBADATUMAANVANGADRESBUITENLAND."
Adreskenmerken van personen die in de gemeentelijke bevolkingsregisters ingeschreven (hebben ge)staan (niet gecoördineerd),VRLGBAADRESOBJECTBUS,VRLGBADATUMEINDEADRESHOUDING,Datum beeïndiging adresbewoning persoon,Datum zoals vastgelegd in de gemeentelijke bevolkingsregisters.
Adreskenmerken van personen die in de gemeentelijke bevolkingsregisters ingeschreven (hebben ge)staan (niet gecoördineerd),VRLGBAADRESOBJECTBUS,VRLGBADATUMAANVANGADRESHOUDING,Datum aanvang adresbewoning persoon,Datum zoals vastgelegd in de gemeentelijke bevolkingsregisters.
Burgerlijke staat van in de Gemeentelijke Basisadministratie Persoonsgegevens (GBA) opgenomen personen niet-gecoördineerd,VRLGBABURGERLIJKESTAATBUS,VRLGBAGEBOORTEJAARPARTNER,Geboortejaar partner,Geboortejaar van de partner van een persoon zoals vastgelegd in de Gemeentelijk Basisadministratie Persoonsgegevens (GBA).
Burgerlijke staat van in de Gemeentelijke Basisadministratie Persoonsgegevens (GBA) opgenomen personen niet-gecoördineerd,VRLGBABURGERLIJKESTAATBUS,VRLGBAGEBOORTEDAGPARTNER,Geboortedag partner,Geboortedag van de partner van een persoon zoals vastgelegd in de Gemeentelijk Basisadministratie Persoonsgegevens (GBA).
Burgerlijke staat van in de Gemeentelijke Basisadministratie Persoonsgegevens (GBA) opgenomen personen niet-gecoördineerd,VRLGBABURGERLIJKESTAATBUS,VRLGBAAANVANGBURGERLIJKESTAAT,Datum waarop een burgerlijke staat van de persoon is ingegaan.,"Betreft de datum zoals vastgelegd in de Gemeentelijke Basis Administratie (GBA).
Burgerlijke staat: Formele positie van een persoon waarbij wordt verwezen naar het huwelijk en het geregistreerd partnerschap.
Huwelijk: Wettelijke verbintenis tot het samenleven van twee personen. Sinds april 2001 staat het huwelijk ook open voor personen van hetzelfde geslacht.
Geregistreerd partnerschap: Een op het huwelijk lijkende relatie tussen twee personen van gelijk of van verschillend geslacht, vastgelegd in een akte van de Burgerlijke Stand. Per 1 januari 1998 is in Nederland het geregistreerd partnerschap ingevoerd."
Burgerlijke staat van in de Gemeentelijke Basisadministratie Persoonsgegevens (GBA) opgenomen personen niet-gecoördineerd,VRLGBABURGERLIJKESTAATBUS,VRLGBAEINDEBURGERLIJKESTAAT,Datum waarop een burgerlijke staat van de persoon is beëindigd.,"Betreft de datum zoals vastgelegd in de Gemeentelijke Basis Administratie (GBA).
Burgerlijke staat: Formele positie van een persoon waarbij wordt verwezen naar het huwelijk en het geregistreerd partnerschap.
Huwelijk: Wettelijke verbintenis tot het samenleven van twee personen. Sinds april 2001 staat het huwelijk ook open voor personen van hetzelfde geslacht.
Geregistreerd partnerschap: Een op het huwelijk lijkende relatie tussen twee personen van gelijk of van verschillend geslacht, vastgelegd in een akte van de Burgerlijke Stand. Per 1 januari 1998 is in Nederland het geregistreerd partnerschap ingevoerd."
Burgerlijke staat van in de Gemeentelijke Basisadministratie Persoonsgegevens (GBA) opgenomen personen niet-gecoördineerd,VRLGBABURGERLIJKESTAATBUS,VRLGBAGEBOORTEMAANDPARTNER,Geboortemaand partner,Geboortemaand van de partner van een persoon zoals vastgelegd in de Gemeentelijk Basisadministratie Persoonsgegevens (GBA).
Burgerlijke staat van in de Gemeentelijke Basisadministratie Persoonsgegevens (GBA) opgenomen personen niet-gecoördineerd,VRLGBABURGERLIJKESTAATBUS,VRLGBAGEBOORTEJAARPARTNER,Geboortejaar partner,Geboortejaar van de partner van een persoon zoals vastgelegd in de Basisregistratie Personen (BRP).
Burgerlijke staat van in de Gemeentelijke Basisadministratie Persoonsgegevens (GBA) opgenomen personen niet-gecoördineerd,VRLGBABURGERLIJKESTAATBUS,VRLGBAGEBOORTEMAANDPARTNER,Geboortemaand partner,Geboortemaand van de partner van een persoon zoals vastgelegd in de Basisregistratie Personen (BRP).
Burgerlijke staat van in de Gemeentelijke Basisadministratie Persoonsgegevens (GBA) opgenomen personen niet-gecoördineerd,VRLGBABURGERLIJKESTAATBUS,VRLGBAAANVANGBURGERLIJKESTAAT,Datum waarop een burgerlijke staat van de persoon is ingegaan.,"Betreft de datum zoals vastgelegd in de Basisregistratie Personen (BRP).
Burgerlijke staat: Formele positie van een persoon waarbij wordt verwezen naar het huwelijk en het geregistreerd partnerschap.
Huwelijk: Wettelijke verbintenis tot het samenleven van twee personen. Sinds april 2001 staat het huwelijk ook open voor personen van hetzelfde geslacht.
Geregistreerd partnerschap: Een op het huwelijk lijkende relatie tussen twee personen van gelijk of van verschillend geslacht, vastgelegd in een akte van de Burgerlijke Stand. Per 1 januari 1998 is in Nederland het geregistreerd partnerschap ingevoerd."
Burgerlijke staat van in de Gemeentelijke Basisadministratie Persoonsgegevens (GBA) opgenomen personen niet-gecoördineerd,VRLGBABURGERLIJKESTAATBUS,VRLGBAEINDEBURGERLIJKESTAAT,Datum waarop een burgerlijke staat van de persoon is beëindigd.,"Betreft de datum zoals vastgelegd in de Basisregistratie Personen (BRP).
Burgerlijke staat: Formele positie van een persoon waarbij wordt verwezen naar het huwelijk en het geregistreerd partnerschap.
Huwelijk: Wettelijke verbintenis tot het samenleven van twee personen. Sinds april 2001 staat het huwelijk ook open voor personen van hetzelfde geslacht.
Geregistreerd partnerschap: Een op het huwelijk lijkende relatie tussen twee personen van gelijk of van verschillend geslacht, vastgelegd in een akte van de Burgerlijke Stand. Per 1 januari 1998 is in Nederland het geregistreerd partnerschap ingevoerd."
Burgerlijke staat van in de Gemeentelijke Basisadministratie Persoonsgegevens (GBA) opgenomen personen niet-gecoördineerd,VRLGBABURGERLIJKESTAATBUS,VRLGBAGEBOORTEDAGPARTNER,Geboortedag partner,Geboortedag van de partner van een persoon zoals vastgelegd in de Basisregistratie Personen (BRP).
Huishoudenskenmerken van in de Gemeentelijke Basisadministratie Persoonsgegevens (GBA) ingeschreven personen niet-gecoördineerd,VRLGBAHUISHOUDENSBUS,VRLGEBJAARJONGSTEKINDHH,Geboortejaar jongste thuiswonend kind in het huishouden.,Thuiswonend kind: Persoon ongeacht leeftijd of burgerlijke staat die een kind-ouder relatie heeft met één of twee tot het particuliere huishouden behorende ouders. Onder thuiswonende kinderen worden ook begrepen adoptie- en stiefkinderen maar geen pleegkinderen.
Huishoudenskenmerken van in de Gemeentelijke Basisadministratie Persoonsgegevens (GBA) ingeschreven personen niet-gecoördineerd,VRLGBAHUISHOUDENSBUS,VRLDATUMAANVANGHH,Aanvangsdatum van het huishouden.,"Begindatum van een huishouden met een bepaalde samenstelling waartoe een persoon behoort of behoord heeft. Deze variabele identificeert samen met het Huishouden-id (VRLHUISHOUDNR) een huishouden. Als een huishouden van samenstelling verandert OF in zijn geheel een ander adres krijgt, wordt bij het voorgaande huishouden een einddatum ingevuld. Gelijktijdig wordt een nieuw record aangemaakt met een nieuwe begindatum van het (nieuwe) huishouden. Eén persoon kan dus meerdere begindata hebben."
Huishoudenskenmerken van in de Gemeentelijke Basisadministratie Persoonsgegevens (GBA) ingeschreven personen niet-gecoördineerd,VRLGBAHUISHOUDENSBUS,VRLDATUMEINDEHH,Beëindigingsdatum van het huishouden.,"Einddatum van een huishouden met een bepaalde samenstelling waartoe de persoon behoord heeft. Als een huishouden van samenstelling verandert OF in zijn geheel een ander adres krijgt, wordt bij het voorgaande huishouden een einddatum ingevuld. Gelijktijdig wordt een nieuw record aangemaakt met een nieuwe begindatum van het (nieuwe) huishouden. Eén persoon kan dus meerdere einddata hebben."
Huishoudenskenmerken van in de Gemeentelijke Basisadministratie Persoonsgegevens (GBA) ingeschreven personen niet-gecoördineerd,VRLGBAHUISHOUDENSBUS,VRLGEBJAAROUDSTEKINDHH,Geboortejaar oudste thuiswonend kind in het huishouden.,Thuiswonend kind: Persoon ongeacht leeftijd of burgerlijke staat die een kind-ouder relatie heeft met één of twee tot het particuliere huishouden behorende ouders. Onder thuiswonende kinderen worden ook begrepen adoptie- en stiefkinderen maar geen pleegkinderen.
"Migratiekenmerken van personen die in de Gemeentelijke Basisadministratie Persoonsgegevens (GBA) ingeschreven staan, niet-gecoördineerd",VRLGBAMIGRATIEBUS,VRLEINDEMIGRATIEDATUM,Datum waarop migratieperiode is beëindigd.,Dit is het geval als de persoon een nieuwe migratiebeweging maakt. Datum zoals vastgelegd in de Gemeentelijke Basisadministratie Persoonsgegevens (GBA). Een persoon die immigreert (of administratief wordt opgenomen) heeft de immigratiedatum als VRLAANVANGMIGRATIEDATUM. Mocht deze persoon emigreren (of administratief worden afgevoerd) dan wordt de VRLEINDEMIGRATIEDATUM van deze immigratie gevuld met de emigratiedatum. In alle andere gevallen staat deze datum op 88888888 (want niet beëindigd). Een persoon die voor de eerste maal emigreert (of administratief worden afgevoerd) zonder eerder te zijn geïmmigreerd heeft als VRLAANVANGMIGRATIEDATUM de datum van emigratie.
"Migratiekenmerken van personen die in de Gemeentelijke Basisadministratie Persoonsgegevens (GBA) ingeschreven staan, niet-gecoördineerd",VRLGBAMIGRATIEBUS,VRLAANVANGMIGRATIEDATUM,Datum waarop migratieperiode is begonnen.,Datum zoals vastgelegd in de Gemeentelijke Basisadministratie Persoonsgegevens (GBA). Een persoon die immigreert (of administratief wordt opgenomen) heeft de immigratiedatum als VRLAANVANGMIGRATIEDATUM. Mocht deze persoon emigreren (of administratief worden afgevoerd) dan wordt de VRLEINDEMIGRATIEDATUM van deze immigratie gevuld met de emigratiedatum. In alle andere gevallen staat deze datum op 88888888 (want niet beëindigd).Een persoon die voor de eerste maal emigreert (of administratief worden afgevoerd) zonder eerder te zijn geïmmigreerd heeft als VRLAANVANGMIGRATIEDATUM de datum van emigratie.
Nationaliteitskenmerken van alle in de Gemeentelijke Basisadministratie Persoonsgegevens (GBA) ingeschreven personen niet-gecoördineerd,VRLGBANATIONALITEITBUS,VRLGBAEINDENATIONALITEIT,Datum beëindiging nationaliteitencombinatie persoon JJJJMMDD,"Datum zoals vastgelegd in de Nederlandse gemeentelijke bevolkingsregisters.
Nationaliteit(en)combinatie: combinatie van nationaliteit 1 van de persoon en eventueel nationaliteit 2 van de persoon.  
Nationaliteit is het wettelijk onderdaan zijn van een bepaalde staat (staatsburgerschap)."
Nationaliteitskenmerken van alle in de Gemeentelijke Basisadministratie Persoonsgegevens (GBA) ingeschreven personen niet-gecoördineerd,VRLGBANATIONALITEITBUS,VRLGBAAANVANGNATIONALITEIT,Datum aanvang nationaliteitencombinatie persoon JJJJMMDD,"Datum zoals vastgelegd in de Nederlandse gemeentelijke bevolkingsregisters. 
Nationaliteit(en)combinatie: combinatie van nationaliteit 1 van de persoon en eventueel nationaliteit 2 van de persoon.  
Nationaliteit is het wettelijk onderdaan zijn van een bepaalde staat (staatsburgerschap)."
Nationaliteitskenmerken van alle in de Gemeentelijke Basisadministratie Persoonsgegevens (GBA) ingeschreven personen niet-gecoördineerd,VRLGBANATIONALITEITBUS,VRLGBAEINDENATIONALITEIT,Datum beëindiging nationaliteitencombinatie persoon JJJJMMDD,"Datum zoals vastgelegd in de Nederlandse gemeentelijke bevolkingsregisters. 
Nationaliteit(en)combinatie: combinatie van nationaliteit 1 van de persoon en eventueel nationaliteit 2 van de persoon. 
Nationaliteit is het wettelijk onderdaan zijn van een bepaalde staat (staatsburgerschap)."
Nationaliteitskenmerken van alle in de Gemeentelijke Basisadministratie Persoonsgegevens (GBA) ingeschreven personen niet-gecoördineerd,VRLGBANATIONALITEITBUS,VRLGBAAANVANGNATIONALITEIT,Datum aanvang nationaliteitencombinatie persoon JJJJMMDD,"Datum zoals vastgelegd in de Nederlandse gemeentelijke bevolkingsregisters. 
Nationaliteit(en)combinatie: combinatie van nationaliteit 1 van de persoon en eventueel nationaliteit 2 van de persoon. 
Nationaliteit is het wettelijk onderdaan zijn van een bepaalde staat (staatsburgerschap)."
Datum van overlijden van personen die ingeschreven staan in de Gemeentelijke Basisadministratie Persoonsgegevens (GBA),VRLGBAOVERLIJDENTAB,VRLGBADatumOverlijden,Datum van overlijden,Datum zoals vastgelegd in de GBA.
Datum van overlijden van personen die ingeschreven staan in de Gemeentelijke Basisadministratie Persoonsgegevens (GBA),VRLGBAOVERLIJDENTAB,VRLGBADatumOverlijden,Datum van overlijden,Datum zoals vastgelegd in de BRP.
"Persoonskenmerken van alle in de Gemeentelijke Basisadministratie Persoonsgegevens (GBA) ingeschreven personen, niet-gecoördineerd",VRLGBAPERSOONTAB,VRLGBAGEBOORTEDAGVADER,Geboortedag van de vader,Omwille van beveiliging is de geboortedag gevuld met '01'. Let op! Hierdoor kan geen leeftijd op de laatste verjaardag worden bepaald.
"Persoonskenmerken van alle in de Gemeentelijke Basisadministratie Persoonsgegevens (GBA) ingeschreven personen, niet-gecoördineerd",VRLGBAPERSOONTAB,VRLGBAGEBOORTEDAG,Geboortedag,"Geboortedag binnen een maand van een persoon.
Omwille van beveiliging is de geboortedag gevuld met '01'. Let op! Hierdoor kan geen leeftijd op de laatste verjaardag worden bepaald."
"Persoonskenmerken van alle in de Gemeentelijke Basisadministratie Persoonsgegevens (GBA) ingeschreven personen, niet-gecoördineerd",VRLGBAPERSOONTAB,VRLGBAGEBOORTEDAGMOEDER,Geboortedag van de moeder,Omwille van beveiliging is de geboortedag gevuld met '01'. Let op! Hierdoor kan geen leeftijd op de laatste verjaardag worden bepaald.
"Persoonskenmerken van alle in de Gemeentelijke Basisadministratie Persoonsgegevens (GBA) ingeschreven personen, niet-gecoördineerd",VRLGBAPERSOONTAB,VRLGBAGEBOORTEJAARMOEDER,Geboortejaar van de moeder,Geboortejaar zoals vastgelegd in de gemeentelijke bevolkingsregisters.
"Persoonskenmerken van alle in de Gemeentelijke Basisadministratie Persoonsgegevens (GBA) ingeschreven personen, niet-gecoördineerd",VRLGBAPERSOONTAB,VRLGBAGEBOORTEJAARVADER,Geboortejaar van de vader,Geboortejaar zoals vastgelegd in de gemeentelijke bevolkingsregisters.
"Persoonskenmerken van alle in de Gemeentelijke Basisadministratie Persoonsgegevens (GBA) ingeschreven personen, niet-gecoördineerd",VRLGBAPERSOONTAB,VRLGBAGEBOORTEJAAR,Geboortejaar,Geboortejaar zoals vastgelegd in de gemeentelijke bevolkingsregisters.
Migratiemotieven van immigranten met een buitenlandse nationaliteit,VRLMIGMOTBUS,VRLEINDEMIGMOTDATUM,Datum vertrek uit Nederland,"Emigratie: Vertrek van personen naar het buitenland. Men wordt uitgeschreven indien de verwachte verblijfsduur in het buitenland ten minste acht maanden bedraagt. Het gaat hier steeds om de aan de gemeente gemelde emigratie.
Administratieve afvoering: Verwijdering van een persoon uit het  gemeentelijke bevolkingsregister van een gemeente nadat de gemeente heeft vastgesteld dat de verblijfplaats van deze persoon niet bekend is, deze persoon niet bereikbaar is en waarschijnlijk geen inwoner meer is van een Nederlandse gemeente. Een administratieve afvoering is meestal het gevolg van het vertrek van een persoon naar het buitenland zonder dat deze de gemeente hiervan op de hoogte heeft gesteld."
Migratiemotieven van immigranten met een buitenlandse nationaliteit,VRLMIGMOTBUS,VRLAANVANGMIGMOTDATUM,Datum vestiging in Nederland,"Immigratie: Vestiging van personen vanuit het buitenland in Nederland. Om als immigrant te kunnen worden geteld dienen deze personen ingeschreven te worden in de gemeentelijke bevolkingsregisters. Men wordt ingeschreven als men verwacht minimaal vier maanden in Nederland te blijven. 
Administratieve opneming: Opneming van een persoon in de bevolkingsregisters van een gemeente op verzoek van de betrokkene. Deze opneming is niet het gevolg van geboorte, immigratie of vestiging van die persoon vanuit een andere gemeente in Nederland. Een administratieve opneming is meestal een hervestiging van een persoon die eerder administratief is afgevoerd en die verklaart nooit uit Nederland te zijn weggeweest."
Werkonderzoek met kenmerken over de werkbeleving van medewerkers in de publieke sector,WERKONDERZOEK,SDATUMAANVANGIKVORG,Originele datum aanvang inkomstenverhouding zoals opgegeven in de loonaangifte,Notatiewijze: DDMMJJJJ
Werkonderzoek met kenmerken over de werkbeleving van medewerkers in de publieke sector,WERKONDERZOEK,SDATUMAANVANGIKV,Datum aanvang inkomstenverhouding of aanvang verslagperiode,Notatiewijze: DDMMJJJJ
Maandbedragen van personen met een Wachtgeld-uitkering,WGPERSOONMNDBEDRAGBUS,EINDMNDBEDRAGWG,Einde geldigheidsperiode attributen,Datum (JJJJMMDD) tot welke de waarde van de variabelen geldig zijn
Maandbedragen van personen met een Wachtgeld-uitkering,WGPERSOONMNDBEDRAGBUS,AANVMNDBEDRAGWG,Aanvang geldigheidsperiode attributen,Datum (JJJJMMDD) vanaf welke de waarde van de variabelen geldig zijn
Personen met gebruik Wlz-zorg in natura,WLZZINTAB,EINDWLZZIN,"De einddatum van declaratie van Wlz-zorg in natura, JJJJMMDD","De component met gegevens over gebruik van Wlz-zorg in natura is gesplitst op de jaargrens, de einddatum is hierdoor op zijn laatst 31 december van het verslagjaar. Dit maakt het mogelijk de verschillende jaren van de component achter elkaar te zetten zonder overlappende records te krijgen."
Personen met gebruik Wlz-zorg in natura,WLZZINTAB,BEGINWLZZIN,"De begindatum van de declaratie van Wlz-zorg in natura, JJJJMMDD","De component met gegevens over gebruik van Wlz-zorg in natura is gesplitst op de jaargrens, de begindatum is hierdoor op zijn vroegst op 1 januari van het verslagjaar. Dit maakt het mogelijk de verschillende jaren van de component achter elkaar te zetten zonder overlappende records te krijgen."
Kenmerken Wmo maatwerkarrangementen,WMOBUS,BegindatumWmo,Begindatum maatwerkvoorziening,"Het bestand zoals gemeenten dat aanleveren bevat zowel de beoogde/beschikte begindatum als de daadwerkelijke begindatum. 
In de huidige variabele wordt de daadwerkelijke begindatum als leidend genomen en bij het ontbreken van het gegeven of bij een niet correcte waarde wordt de beoogde begindatum gebruikt."
Kenmerken Wmo maatwerkarrangementen,WMOBUS,EinddatumWmo,Einddatum Wmo maatwerkvoorziening,"Het bestand zoals gemeenten dat aanleveren bevat zowel de beoogde/beschikte einddatum als de daadwerkelijke begindatum. 
In de huidige variabele wordt de daadwerkelijke einddatum als leidend genomen en bij het ontbreken van het gegeven of bij een niet correcte waarde wordt de beoogde einddatum gebruikt."
Kenmerken Wmo maatwerkarrangementen,WMOBUS,BegingeldigheidWmo,Begindatum van de geldigheid van het record over het Wmo maatwerkvoorziening,"De begindatum van de geldigheidsperiode ligt altijd in de verslagperiode waar de dataset betrekking op heeft. De begindatum van de geldigheidsperiode kan daarom nooit voor 1 januari van het verslagjaar liggen, noch na 31 december van het verslagjaar. De maatwerkvoorziening kan wel al voor de verslagperiode gestart zijn. Die datum is terug te vinden in de variabele BegindatumWmo en niet in deze variabele."
Kenmerken Wmo maatwerkarrangementen,WMOBUS,EindgeldigheidWmo,Einddatum van de geldigheid van het record over het Wmo maatwerkvoorziening,"De einddatum van de geldigheidsperiode ligt altijd in de verslagperiode waar de dataset betrekking op heeft. De einddatum van de geldigheidsperiode kan daarom nooit na 31 december van het verslagjaar liggen, noch voor 1 januari van het verslagjaar. De maatwerkvoorziening kan wel pas na de verslagperiode geëindigd zijn. Die datum is terug te vinden in de variabele EinddatumWmo en niet in deze variabele."
Kenmerken van Wmo maatwerkarrangementen,WMOTAB,WmoEinddatum,Einddatum Wmo maatwerkarrangement,"Het bestand zoals gemeenten dat aanleveren bevat zowel de beoogde/beschikte einddatum als de daadwerkelijke begindatum. 
In de huidige variabele wordt de daadwerkelijke einddatum als leidend genomen en bij het ontbreken van het gegeven of bij een niet correcte waarde wordt de beoogde einddatum gebruikt."
Kenmerken van Wmo maatwerkarrangementen,WMOTAB,WmoBegindatum,Begindatum maatwerkarrangement,"Het bestand zoals gemeenten dat aanleveren bevat zowel de beoogde/beschikte begindatum als de daadwerkelijke begindatum. 
In de huidige variabele wordt de daadwerkelijke begindatum als leidend genomen en bij het ontbreken van het gegeven of bij een niet correcte waarde wordt de beoogde begindatum gebruikt."
Woonbase Kenmerkenbestand Huishoudens: kenmerken van alle huishoudens in Nederland,WOONBASEKENMERKENHUISHOUDENS,DatumAanvangHH31Dec,Aanvangsdatum van het huishouden geldig aan het einde van het jaar.,"Begindatum van een huishouden met een bepaalde samenstelling waartoe een persoon behoort of behoord heeft. Deze variabele identificeert samen met het Huishouden-id (HUISHOUDNR) een huishouden. Als een huishouden van samenstelling verandert OF in zijn geheel een ander adres krijgt, wordt bij het voorgaande huishouden een einddatum ingevuld. Gelijktijdig wordt een nieuw record aangemaakt met een nieuwe begindatum van het (nieuwe) huishouden. Eén persoon kan dus meerdere begindata hebben."
Woonbase Kenmerkenbestand Huishoudens: kenmerken van alle huishoudens in Nederland,WOONBASEKENMERKENHUISHOUDENS,DatumAanvangHH1Jan,Aanvangsdatum van het huishouden geldig aan het begin van het jaar,"Begindatum van een huishouden met een bepaalde samenstelling waartoe een persoon behoort of behoord heeft. Deze variabele identificeert samen met het Huishouden-id (HUISHOUDNR) een huishouden. Als een huishouden van samenstelling verandert OF in zijn geheel een ander adres krijgt, wordt bij het voorgaande huishouden een einddatum ingevuld. Gelijktijdig wordt een nieuw record aangemaakt met een nieuwe begindatum van het (nieuwe) huishouden. Eén persoon kan dus meerdere begindata hebben."
Woonbase Kenmerkenbestand Personen: Persoonskenmerken van alle personen in Nederland,WOONBASEKENMERKENPERSONEN,GBAGeboorteJaar31Dec,Geboortejaar geldig aan het einde van het jaar,Geboortejaar zoals vastgelegd in de gemeentelijke bevolkingsregisters.
Woonbase Kenmerkenbestand Personen: Persoonskenmerken van alle personen in Nederland,WOONBASEKENMERKENPERSONEN,GBAGeboorteJaar1Jan,Geboortejaar geldig aan het begin van het jaar,Geboortejaar zoals vastgelegd in de gemeentelijke bevolkingsregisters.
Woonbase Kenmerkenbestand Personen: Persoonskenmerken van alle personen in Nederland,WOONBASEKENMERKENPERSONEN,AanvangWoonduur1Jan,Datum aanvang adresbewoning persoon geldig aan het begin van het jaar,Dit is een afgeleide variabele die aangeeft sinds wanneer een persoon ingeschreven staat op het adres waar deze persoon op 1 januari van JJJJ ook ingeschreven staat.
Woonbase Kenmerkenbestand Personen: Persoonskenmerken van alle personen in Nederland,WOONBASEKENMERKENPERSONEN,AanvangWoonduur31Dec,Datum aanvang adresbewoning persoon geldig aan het einde van het jaar,Dit is een afgeleide variabele die aangeeft sinds wanneer een persoon ingeschreven staat op het adres waar deze persoon op 31 december van JJJJ ook ingeschreven staat.
"Woonbase Populatiebestand Huishoudens: alle huishoudens in Nederland met kenmerken van het huishouden, van personen die tot het huishouden behoren en van objecten waarin het huishouden woont",WOONBASEPOPULATIEHUISHOUDENS,DATUMAANVANGHH1Jan,Aanvangsdatum van het huishouden geldig aan het begin van het jaar,"Begindatum van een huishouden met een bepaalde samenstelling waartoe een persoon behoort of behoord heeft. Deze variabele identificeert samen met het Huishouden-id (HUISHOUDNR) een huishouden. Als een huishouden van samenstelling verandert OF in zijn geheel een ander adres krijgt, wordt bij het voorgaande huishouden een einddatum ingevuld. Gelijktijdig wordt een nieuw record aangemaakt met een nieuwe begindatum van het (nieuwe) huishouden. Eén persoon kan dus meerdere begindata hebben."
"Woonbase Populatiebestand Huishoudens: alle huishoudens in Nederland met kenmerken van het huishouden, van personen die tot het huishouden behoren en van objecten waarin het huishouden woont",WOONBASEPOPULATIEHUISHOUDENS,DATUMAANVANGHH31Dec,Aanvangsdatum van het huishouden geldig aan het einde van het jaar.,"Begindatum van een huishouden met een bepaalde samenstelling waartoe een persoon behoort of behoord heeft. Deze variabele identificeert samen met het Huishouden-id (HUISHOUDNR) een huishouden. Als een huishouden van samenstelling verandert OF in zijn geheel een ander adres krijgt, wordt bij het voorgaande huishouden een einddatum ingevuld. Gelijktijdig wordt een nieuw record aangemaakt met een nieuwe begindatum van het (nieuwe) huishouden. Eén persoon kan dus meerdere begindata hebben."
"Woonbase Populatiebestand Personen: Alle personen in Nederland met persoonskenmerken, met kenmerken van het huishouden waartoe de persoon behoort, en met kenmerken van het object waarin de persoon woont",WOONBASEPOPULATIEPERSONEN,DATUMAANVANGHH31Dec,Aanvangsdatum van het huishouden geldig aan het einde van het jaar.,"Begindatum van een huishouden met een bepaalde samenstelling waartoe een persoon behoort of behoord heeft. Deze variabele identificeert samen met het Huishouden-id (HUISHOUDNR) een huishouden. Als een huishouden van samenstelling verandert OF in zijn geheel een ander adres krijgt, wordt bij het voorgaande huishouden een einddatum ingevuld. Gelijktijdig wordt een nieuw record aangemaakt met een nieuwe begindatum van het (nieuwe) huishouden. Eén persoon kan dus meerdere begindata hebben."
"Woonbase Populatiebestand Personen: Alle personen in Nederland met persoonskenmerken, met kenmerken van het huishouden waartoe de persoon behoort, en met kenmerken van het object waarin de persoon woont",WOONBASEPOPULATIEPERSONEN,GBAGeboorteJaar1Jan,Geboortejaar geldig aan het begin van het jaar,Geboortejaar zoals vastgelegd in de gemeentelijke bevolkingsregisters.
"Woonbase Populatiebestand Personen: Alle personen in Nederland met persoonskenmerken, met kenmerken van het huishouden waartoe de persoon behoort, en met kenmerken van het object waarin de persoon woont",WOONBASEPOPULATIEPERSONEN,GBAGeboorteJaar31Dec,Geboortejaar geldig aan het einde van het jaar,Geboortejaar zoals vastgelegd in de gemeentelijke bevolkingsregisters.
"Woonbase Populatiebestand Personen: Alle personen in Nederland met persoonskenmerken, met kenmerken van het huishouden waartoe de persoon behoort, en met kenmerken van het object waarin de persoon woont",WOONBASEPOPULATIEPERSONEN,DATUMAANVANGHH1Jan,Aanvangsdatum van het huishouden geldig aan het begin van het jaar,"Begindatum van een huishouden met een bepaalde samenstelling waartoe een persoon behoort of behoord heeft. Deze variabele identificeert samen met het Huishouden-id (HUISHOUDNR) een huishouden. Als een huishouden van samenstelling verandert OF in zijn geheel een ander adres krijgt, wordt bij het voorgaande huishouden een einddatum ingevuld. Gelijktijdig wordt een nieuw record aangemaakt met een nieuwe begindatum van het (nieuwe) huishouden. Eén persoon kan dus meerdere begindata hebben."
"Woonbase Sleutelbestand: alle personen, huishoudens en woonruimten en hun onderlinge relaties in Nederland",WOONBASESLEUTEL,DATUMAANVANGHH,Aanvangsdatum van het huishouden.,"Begindatum van een huishouden met een bepaalde samenstelling waartoe een persoon behoort of behoord heeft. Deze variabele identificeert samen met het Huishouden-id (HUISHOUDNR) een huishouden. Als een huishouden van samenstelling verandert OF in zijn geheel een ander adres krijgt, wordt bij het voorgaande huishouden een einddatum ingevuld. Gelijktijdig wordt een nieuw record aangemaakt met een nieuwe begindatum van het (nieuwe) huishouden. Eén persoon kan dus meerdere begindata hebben."
Kenmerken van werkloosheidsuitkeringen,WUSUITKERING1ATAB,WUSAanvanguitkering1A,Datum eerste werkloosheidsdag of herleefd recht,"De datum van eerste aanvang van het recht (datum eerste werkloosheidsdag) of, als er herleving heeft plaatsgevonden, de begindatum van het herleefde recht op een WW-uitkering.

De datum van de eerste werkloosheidsdag is de eerste dag waarbij sprake is van werkloosheid o.b.v. de Werkloosheidswet.

Dit kenmerk bevat de daadwerkelijke datum van de eerste werkloosheidsdag. Wanneer sprake is van een afgewezen recht wordt het kenmerk gevuld met de vermoedelijke eerste werkloosheidsdag.

Formaat kenmerk: JJJJMMDD."
Kenmerken van werkloosheidsuitkeringen,WUSUITKERING1ATAB,WUSMaximumduur1A,Vermoedelijke einddatum uitkering,"De vermoedelijke datum waarop het recht op WW-uitkering zal eindigen wegens het bereiken van de maximale uitkeringsduur. Dat gebeurt wanneer het recht zonder relevante onderbreking volledig in duur zal worden verbruikt. NB Dit is de eerste dag waarop geen recht meer bestaat op uitkering. Deze datum wordt naar de toekomst doorgeschoven wanneer er onderbreking van het recht plaatsvindt. Gedeeltelijke beëindiging van een recht leidt niet tot een verschuiving van deze datum.

Formaat kenmerk: JJJJMMDD."
Kenmerken van werkloosheidsuitkeringen,WUSUITKERING1ATAB,WUSEerstedag1A,De datum waarop de uitkeringsverhouding tussen de uitkerende instantie en de uitkeringsgerechtigde formeel is aangevangen.,"De datum van de eerste werkloosheidsdag is de eerste dag waarbij sprake is van werkloosheid o.b.v. de Werkloosheidswet.

Dit kenmerk bevat de daadwerkelijke datum van de eerste werkloosheidsdag. Wanneer sprake is van een afgewezen recht wordt het kenmerk gevuld met de vermoedelijke eerste werkloosheidsdag.

Formaat kenmerk: JJJJMMDD."
Kenmerken van werkloosheidsuitkeringen,WUSUITKERING1ATAB,WUSLaatstebetaaldag1A,De datum van de laatste dag van de periode die is uitgekeerd.,"Dit kenmerk geeft de laatste dag weer van de periode die is uitgekeerd. NB Het betreft dus niet de dag waarop de betaling plaatsvindt.

Formaat kenmerk: JJJJMMDD."
Kenmerken van werkloosheidsuitkeringen,WUSUITKERING1ATAB,WUSEindeuitkering1A,De datum waarop de uitkeringsverhouding tussen de uitkerende instantie en de uitkeringsgerechtigde daadwerkelijk is beëindigd.,"De datum waarop het recht is beëindigd. NB Dit is de eerste dag waarop geen recht meer bestaat op uitkering. Het gaat hier bijvoorbeeld om het formeel beëindigen van het recht zoals bij werkhervatting, het bereiken van de maximum uitkeringsduur of administratieve beëindigingen, zoals 'statistisch beëindigd i.v.m. 6 maanden geen betaling gehad'.

Formaat kenmerk: JJJJMMDD."
Kenmerken van uitkeringsperiodes van personen met een werkloosheidsuitkering,WWPERSOONBUS,EINDWWPERSOON,Datum tot welke de waarden van de variabelen geldig zijn,"Deze variabele wordt bij het samenstellen van de component vastgesteld op basis van verslagperiode, en begin en einde van de uitkering."
Maandbedragen inkomsten uit eigen onderneming van personen,ZELFSTANDIGENMNDBEDRAGBUS,AANVANGDATUMZELFSTANDIGE,Aanvangdatum zelfstandige,"het gegeven is gebaseerd op de aangifte Inkomstenbelasting. Omdat hierin de aanvangdatum niet wordt aangegeven, wordt verondersteld dat men op 1 januari van het jaar waarover aangifte werd gedaan actief was. De aanvangdatum is dus altijd 1 januari. Als een persoon een aantal jaren opeenvolgend actief was wordt de aanvangdatum gelijkgesteld aan1 januari van het eerste jaar van de reeks. Aangezien aangiftegegevens beschikbaar zijn vanaf 1999, ligt de aanvangdatum nooit vóór 1 januari 1999. 

VB 1. Een persoon heeft in 2001, 2002, 2003 en 2004 aangifte gedaan van inkomsten uit onderneming. De aanvangdatum wordt 1 januari 2001.

VB 1. Een persoon heeft in 1997, 1998, 1999 en 2000 aangifte gedaan van inkomsten uit onderneming. De aanvangdatum wordt 1 januari 1999 omdat over de eerdere verslagjaren geen aangiftegegevens beschikbaar zijn.

VB 2. Een persoon heeft in 2001, 2002, 2004 en 2005 aangifte gedaan van inkomsten uit onderneming. De aanvangdatum van de eerste periode wordt 1 januari 2001, de aanvangdatum van de tweede periode wordt 1 januari 2004."
Opname in een AWBZ-instelling waarvoor een eigen bijdrage moet worden betaald,ZORGMVTAB,DDTMZORGMV,Einddatum van de opname,"De einddatum van de opnameperiode zorg met verblijf in het verslagjaar van personen van 18 jaar of ouder waarvan de kosten voor rekening van de AWBZ (Algemene Wet Bijzondere Ziektekosten) komen en waarvoor een eigen bijdrage betaald moet worden. 
Als de opname doorloopt in het volgende verslagjaar, is de laatste dag van verslagjaar (31 december) als einddatum van de opnameperiode gerapporteerd."
Opname in een AWBZ-instelling waarvoor een eigen bijdrage moet worden betaald,ZORGMVTAB,DDVANAFZORGMV,Begindatum van de opname,"De begindatum van de opnameperiode zorg met verblijf in het verslagjaar van personen van 18 jaar of ouder waarvan de kosten voor rekening van de AWBZ (Algemene Wet Bijzondere Ziektekosten) komen en waarvoor een eigen bijdrage betaald moet worden. 
Als de opname voor het verslagjaar begonnen is, is de eerste dag van verslagjaar (1 januari) als begindatum van de opnameperiode gerapporteerd."
Personen die zorg zonder verblijf hebben ontvangen_zorgzv,ZORGZVTAB,EINDZORGZV,Datum eind zorg zonder verblijf,"De afgenomen zorg voor de regeling zorg zonder verblijf wordt in de systemen van het CAK per week geregistreerd. De zorg eindigt altijd op een zondag. Als een cliënt ook ná verslagjaar t zorg heeft afgenomen, wordt de laatste zondag van zorgjaar t als laatste dag van zorgafname gerapporteerd. De periode van zorgafname tussen de eerste dag van zorgafname en de laatste dag van de zorgafname wordt over gehele zorgjaar gemeten. Eventuele “gaten” in de zorgafname van een cliënt in deze periode worden buiten beschouwing gelaten."
Personen die zorg zonder verblijf hebben ontvangen_zorgzv,ZORGZVTAB,AANVZORGZV,Eerste dag van zorgafname,"De afgenomen zorg voor de regeling zorg zonder verblijf wordt in de systemen van het CAK per week geregistreerd. De zorg gaat altijd in op een maandag. Als een cliënt vóór zorgjaar t reeds zorg heeft afgenomen, wordt de eerste maandag van zorgjaar t als eerste dag van zorgafname gerapporteerd. De periode van zorgafname tussen de eerste dag van zorgafname en de laatste dag van de zorgafname wordt over gehele zorgjaar gemeten. Eventuele “gaten” in de zorgafname van een cliënt in deze periode worden buiten beschouwing gelaten."
Personen welke via de zorgverzekeringswet gebruikmaken van kortdurend eerstelijnsverblijf.,ZVWELVTAB,EINDZVWELV,De einddatum van de (al dan niet geaggregeerde) declaratie(s) in het Zvw- eerstelijnsverblijf,De einddatum van de (al dan niet geaggregeerde) declaratie(s) van een persoon in de Zorgverzekeringswet (Zvw)-eerstelijnsverblijf.
Personen met gebruik van Zvw-Wijkverpleging,ZVWWVPTAB,EINDZVWWVP,"De einddatum van de declaratie(s) in de Zvw-Wijkverpleging, JJJJMMDD","Declaraties zijn geaggregeerd op persoon, zorgvorm, leveringsvorm en begin- en einddatum."
Personen met gebruik van Zvw-Wijkverpleging,ZVWWVPTAB,BEGINZVWWVP,"De begindatum van de declaratie(s) in de Zvw-Wijkverpleging, JJJJMMDD","Declaraties zijn geaggregeerd op persoon, zorgvorm, leveringsvorm en begin- en einddatum."
Maandbedragen van personen met een Ziektewet-uitkering,ZWPERSOONMNDBEDRAGBUS,EINDMNDBEDRAGZW,Einde geldigheidsperiode attributen,Datum (JJJJMMDD) tot welke de waarde van de variabelen geldig zijn
Maandbedragen van personen met een Ziektewet-uitkering,ZWPERSOONMNDBEDRAGBUS,AANVMNDBEDRAGZW,Aanvang geldigheidsperiode attributen,Datum (JJJJMMDD) vanaf welke de waarde van de variabelen geldig zijn
